mp-10009_p,0,0,0
mp-10009_v_Ga,0,0,0
mp-10009_v_Te,0,0,0
mp-1006591_p,0,0,0
mp-1006591_v_In,0,0,0
mp-1006591_v_Mg,0,0,0
mp-1006591_v_Se,0,0,0
mp-1007663_p,0,0,0
mp-1007663_v_Ho,0,0,0
mp-1007663_v_Te,0,0,0
mp-1007663_v_Tl,0,0,0
mp-1007907_p,0,0,0
mp-1007907_v_Er,0,0,0
mp-1007907_v_Te,0,0,0
mp-1007907_v_Tl,0,0,0
mp-1007908_p,0,0,0
mp-1007908_v_Dy,0,0,0
mp-1007908_v_Te,0,0,0
mp-1007908_v_Tl,0,0,0
mp-1008506_p,0,0,0
mp-1008506_v_Ba,0,0,0
mp-1008506_v_Ga,0,0,0
mp-1008506_v_H,0,0,0
mp-1008506_v_Si,0,0,0
mp-1008561_p,0,0,0
mp-1008561_v_Te,0,0,0
mp-1008561_v_Tl,0,0,0
mp-1008561_v_Tm,0,0,0
mp-1008680_p,0,0,0
mp-1008680_v_Ge,0,0,0
mp-1008680_v_Pt,0,0,0
mp-1008680_v_Ti,0,0,0
mp-1009084_p,0,0,0
mp-1009084_v_As,0,0,0
mp-1009084_v_Be,0,0,0
mp-1009084_v_Sn,0,0,0
mp-1009088_p,0,0,0
mp-1009088_v_As,0,0,0
mp-1009088_v_Be,0,0,0
mp-1009088_v_Ge,0,0,0
mp-10096_p,0,0,0
mp-10096_v_Ga,0,0,0
mp-10096_v_Na,0,0,0
mp-10096_v_P,0,0,0
mp-10096_v_Sr,0,0,0
mp-1013527_p,0,0,0
mp-1013527_v_Be,0,0,0
mp-1013527_v_Ge,0,0,0
mp-1013527_v_P,0,0,0
mp-1013548_p,0,0,0
mp-1013548_v_Ca,0,0,0
mp-1013548_v_N,0,0,0
mp-1013548_v_Sb,0,0,0
mp-1013550_p,0,0,0
mp-1013550_v_Ca,0,0,0
mp-1013550_v_P,0,0,0
mp-1013550_v_Sb,0,0,0
mp-10155_p,0,0,0
mp-10155_v_Ir,0,0,0
mp-10155_v_P,0,0,0
mp-1017508_p,0,0,0
mp-1017508_v_Lu,0,0,0
mp-1017508_v_Te,0,0,0
mp-1017508_v_Tl,0,0,0
mp-1017548_p,0,0,0
mp-1017548_v_Be,0,0,0
mp-1017548_v_Ca,0,0,0
mp-1017548_v_P,0,0,0
mp-1017628_p,0,0,0
mp-1017628_v_Be,0,0,0
mp-1017628_v_Mg,0,0,0
mp-1017628_v_P,0,0,0
mp-1018630_p,0,0,0
mp-1018630_v_As,0,0,0
mp-1018630_v_Be,0,0,0
mp-1018630_v_Ca,0,0,0
mp-1018736_p,0,0,0
mp-1018736_v_As,0,0,0
mp-1018736_v_Cd,0,0,0
mp-1018736_v_K,0,0,0
mp-1018766_p,0,0,0
mp-1018766_v_As,0,0,0
mp-1018766_v_La,0,0,0
mp-1018766_v_Li,0,0,0
mp-1023132_p,0,0,0
mp-1023132_v_Cl,0,0,0
mp-1023132_v_Cu,0,0,0
mp-1023132_v_F,0,0,0
mp-1023132_v_K,0,0,0
mp-1025039_p,0,0,0
mp-1025039_v_Pb,0,0,0
mp-1025039_v_S,0,0,0
mp-1025496_p,0,0,0
mp-1025496_v_Li,0,0,0
mp-1025496_v_Nb,0,0,0
mp-1025496_v_Se,0,0,0
mp-1025567_p,0,0,0
mp-1025567_v_Cl,0,0,0
mp-1025567_v_Nb,0,0,0
mp-1025567_v_O,0,0,0
mp-10288_p,0,0,0
mp-10288_v_Cu,0,0,0
mp-10288_v_La,0,0,0
mp-10288_v_S,0,0,0
mp-10288_v_Te,0,0,0
mp-10289_p,0,0,0
mp-10289_v_B,0,0,0
mp-10289_v_C,0,0,0
mp-10289_v_Ca,0,0,0
mp-1029258_p,0,0,0
mp-1029258_v_Ca,0,0,0
mp-1029258_v_N,0,0,0
mp-1029258_v_Zn,0,0,0
mp-1029293_p,0,0,0
mp-1029293_v_Cs,0,0,0
mp-1029293_v_N,0,0,0
mp-1029293_v_V,0,0,0
mp-1029312_p,0,0,0
mp-1029312_v_N,0,0,0
mp-1029312_v_Rb,0,0,0
mp-1029312_v_V,0,0,0
mp-1029330_p,0,0,0
mp-1029330_v_Hf,0,0,0
mp-1029330_v_N,0,0,0
mp-1029330_v_Se,0,0,0
mp-1029331_p,0,0,0
mp-1029331_v_Hf,0,0,0
mp-1029331_v_Li,0,0,0
mp-1029331_v_N,0,0,0
mp-1029359_p,0,0,0
mp-1029359_v_Ca,0,0,0
mp-1029359_v_Hf,0,0,0
mp-1029359_v_N,0,0,0
mp-1029580_p,0,0,0
mp-1029580_v_N,0,0,0
mp-1029580_v_Sr,0,0,0
mp-1029580_v_Zr,0,0,0
mp-1029711_p,0,0,0
mp-1029711_v_N,0,0,0
mp-1029711_v_Na,0,0,0
mp-1029711_v_V,0,0,0
mp-1029943_p,0,0,0
mp-1029943_v_Ca,0,0,0
mp-1029943_v_Ga,0,0,0
mp-1029943_v_N,0,0,0
mp-10336_p,0,0,0
mp-10336_v_Ba,0,0,0
mp-10336_v_Cu,0,0,0
mp-10336_v_Te,0,0,0
mp-10336_v_Y,0,0,0
mp-10337_p,0,0,0
mp-10337_v_Ag,0,0,0
mp-10337_v_Ba,0,0,0
mp-10337_v_Te,0,0,0
mp-10337_v_Y,0,0,0
mp-10368_p,0,0,0
mp-10368_v_Co,0,0,0
mp-10368_v_P,0,0,0
mp-10368_v_Se,0,0,0
mp-10485_p,0,0,0
mp-10485_v_Ba,0,0,0
mp-10485_v_Li,0,0,0
mp-10485_v_Sb,0,0,0
mp-10487_p,0,0,0
mp-10487_v_Rb,0,0,0
mp-10487_v_Sb,0,0,0
mp-10616_p,0,0,0
mp-10616_v_As,0,0,0
mp-10616_v_Ba,0,0,0
mp-10616_v_Li,0,0,0
mp-10623_p,0,0,0
mp-10623_v_Rh,0,0,0
mp-10623_v_Sb,0,0,0
mp-10623_v_Th,0,0,0
mp-1065514_p,0,0,0
mp-1065514_v_Te,0,0,0
mp-1065514_v_Tl,0,0,0
mp-1065514_v_Y,0,0,0
mp-1069558_p,0,0,0
mp-1069558_v_Ce,0,0,0
mp-1069558_v_N,0,0,0
mp-1069558_v_Se,0,0,0
mp-1069706_p,0,0,0
mp-1069706_v_K,0,0,0
mp-1069706_v_Pd,0,0,0
mp-1069706_v_Se,0,0,0
mp-1070099_p,0,0,0
mp-1070099_v_As,0,0,0
mp-1070099_v_Ca,0,0,0
mp-1070099_v_Ga,0,0,0
mp-1070356_p,0,0,0
mp-1070356_v_Pd,0,0,0
mp-1070356_v_Rb,0,0,0
mp-1070356_v_Te,0,0,0
mp-10781_p,0,0,0
mp-10781_v_Gd,0,0,0
mp-10781_v_Rb,0,0,0
mp-10781_v_Se,0,0,0
mp-1078209_p,0,0,0
mp-1078209_v_Fe,0,0,0
mp-1078209_v_La,0,0,0
mp-1078209_v_Li,0,0,0
mp-1078209_v_O,0,0,0
mp-1078405_p,0,0,0
mp-1078405_v_Ba,0,0,0
mp-1078405_v_Cu,0,0,0
mp-1078405_v_Se,0,0,0
mp-1078405_v_Th,0,0,0
mp-1078443_p,0,0,0
mp-1078443_v_As,0,0,0
mp-1078443_v_Se,0,0,0
mp-1078537_p,0,0,0
mp-1078537_v_Lu,0,0,0
mp-1078537_v_Pr,0,0,0
mp-1078537_v_S,0,0,0
mp-1078542_p,0,0,0
mp-1078542_v_As,0,0,0
mp-1078542_v_Gd,0,0,0
mp-1078542_v_O,0,0,0
mp-1078542_v_Zn,0,0,0
mp-1078630_p,0,0,0
mp-1078630_v_Ba,0,0,0
mp-1078630_v_Cu,0,0,0
mp-1078630_v_S,0,0,0
mp-1078630_v_Th,0,0,0
mp-1078636_p,0,0,0
mp-1078636_v_As,0,0,0
mp-1078636_v_Ba,0,0,0
mp-1078636_v_Zn,0,0,0
mp-1078664_p,0,0,0
mp-1078664_v_Mn,0,0,0
mp-1078664_v_O,0,0,0
mp-1078664_v_Pr,0,0,0
mp-1078664_v_Se,0,0,0
mp-1078709_p,0,0,0
mp-1078709_v_Au,0,0,0
mp-1078709_v_Bi,0,0,0
mp-1078709_v_Na,0,0,0
mp-1078724_p,0,0,0
mp-1078724_v_As,0,0,0
mp-1078724_v_Li,0,0,0
mp-1078724_v_Se,0,0,0
mp-1078751_p,0,0,0
mp-1078751_v_Na,0,0,0
mp-1078751_v_Pd,0,0,0
mp-1078751_v_Se,0,0,0
mp-1078965_p,0,0,0
mp-1078965_v_Cs,0,0,0
mp-1078965_v_Pd,0,0,0
mp-1078965_v_Sb,0,0,0
mp-1079069_p,0,0,0
mp-1079069_v_La,0,0,0
mp-1079069_v_Mn,0,0,0
mp-1079069_v_O,0,0,0
mp-1079069_v_Se,0,0,0
mp-1079080_p,0,0,0
mp-1079080_v_As,0,0,0
mp-1079080_v_Cd,0,0,0
mp-1079080_v_Cs,0,0,0
mp-1079260_p,0,0,0
mp-1079260_v_In,0,0,0
mp-1079260_v_Se,0,0,0
mp-10796_p,0,0,0
mp-10796_v_Hg,0,0,0
mp-10796_v_O,0,0,0
mp-10796_v_Se,0,0,0
mp-1079718_p,0,0,0
mp-1079718_v_Ni,0,0,0
mp-1079718_v_Rb,0,0,0
mp-1079718_v_S,0,0,0
mp-1079726_p,0,0,0
mp-1079726_v_N,0,0,0
mp-1079726_v_Se,0,0,0
mp-1079726_v_Zr,0,0,0
mp-1079839_p,0,0,0
mp-1079839_v_Ba,0,0,0
mp-1079839_v_Gd,0,0,0
mp-1079839_v_Mo,0,0,0
mp-1079839_v_O,0,0,0
mp-1079885_p,0,0,0
mp-1079885_v_Li,0,0,0
mp-1079885_v_S,0,0,0
mp-1079885_v_Sb,0,0,0
mp-1080135_p,0,0,0
mp-1080135_v_As,0,0,0
mp-1080135_v_F,0,0,0
mp-1080135_v_Sr,0,0,0
mp-1080135_v_Zn,0,0,0
mp-1080614_p,0,0,0
mp-1080614_v_Cs,0,0,0
mp-1080614_v_Pt,0,0,0
mp-1080614_v_Sb,0,0,0
mp-1080677_p,0,0,0
mp-1080677_v_Se,0,0,0
mp-1080677_v_Tl,0,0,0
mp-1080693_p,0,0,0
mp-1080693_v_Bi,0,0,0
mp-1080693_v_Cs,0,0,0
mp-1080693_v_Pd,0,0,0
mp-1080771_p,0,0,0
mp-1080771_v_Cl,0,0,0
mp-1080771_v_Na,0,0,0
mp-1080801_p,0,0,0
mp-1080801_v_Lu,0,0,0
mp-1080801_v_Nd,0,0,0
mp-1080801_v_S,0,0,0
mp-1080821_p,0,0,0
mp-1080821_v_Ba,0,0,0
mp-1080821_v_F,0,0,0
mp-1084778_p,0,0,0
mp-1084778_v_As,0,0,0
mp-1084778_v_Cs,0,0,0
mp-1084778_v_Zn,0,0,0
mp-1087504_p,0,0,0
mp-1087504_v_K,0,0,0
mp-1087504_v_P,0,0,0
mp-1087504_v_Zn,0,0,0
mp-1087540_p,0,0,0
mp-1087540_v_Cd,0,0,0
mp-1087540_v_Cu,0,0,0
mp-1087540_v_Si,0,0,0
mp-1087540_v_Te,0,0,0
mp-1095110_p,0,0,0
mp-1095110_v_Ba,0,0,0
mp-1095110_v_Mo,0,0,0
mp-1095110_v_O,0,0,0
mp-1095110_v_Sm,0,0,0
mp-1095151_p,0,0,0
mp-1095151_v_As,0,0,0
mp-1095151_v_Ba,0,0,0
mp-1095151_v_Cd,0,0,0
mp-1095151_v_F,0,0,0
mp-1095180_p,0,0,0
mp-1095180_v_As,0,0,0
mp-1095180_v_Ca,0,0,0
mp-1095180_v_Cd,0,0,0
mp-1095255_p,0,0,0
mp-1095255_v_Ba,0,0,0
mp-1095255_v_Se,0,0,0
mp-1095255_v_Th,0,0,0
mp-1095273_p,0,0,0
mp-1095273_v_Ba,0,0,0
mp-1095273_v_Cu,0,0,0
mp-1095273_v_Gd,0,0,0
mp-1095273_v_Te,0,0,0
mp-1095274_p,0,0,0
mp-1095274_v_As,0,0,0
mp-1095274_v_Li,0,0,0
mp-1095274_v_Yb,0,0,0
mp-1095278_p,0,0,0
mp-1095278_v_Ag,0,0,0
mp-1095278_v_Ba,0,0,0
mp-1095278_v_Tb,0,0,0
mp-1095278_v_Te,0,0,0
mp-1095302_p,0,0,0
mp-1095302_v_Bi,0,0,0
mp-1095302_v_Se,0,0,0
mp-1095371_p,0,0,0
mp-1095371_v_Li,0,0,0
mp-1095371_v_Sb,0,0,0
mp-1095371_v_Yb,0,0,0
mp-1095372_p,0,0,0
mp-1095372_v_Bi,0,0,0
mp-1095372_v_Mn,0,0,0
mp-1095372_v_S,0,0,0
mp-1095403_p,0,0,0
mp-1095403_v_Ba,0,0,0
mp-1095403_v_Cu,0,0,0
mp-1095403_v_Tb,0,0,0
mp-1095403_v_Te,0,0,0
mp-1095493_p,0,0,0
mp-1095493_v_Cd,0,0,0
mp-1095493_v_Se,0,0,0
mp-1095603_p,0,0,0
mp-1095603_v_As,0,0,0
mp-1095603_v_Se,0,0,0
mp-1095603_v_Y,0,0,0
mp-1095634_p,0,0,0
mp-1095634_v_As,0,0,0
mp-1095634_v_Ru,0,0,0
mp-1095634_v_Te,0,0,0
mp-10960_p,0,0,0
mp-10960_v_O,0,0,0
mp-10960_v_S,0,0,0
mp-10960_v_Tb,0,0,0
mp-10960_v_Ti,0,0,0
mp-10996_p,0,0,0
mp-10996_v_Mg,0,0,0
mp-10996_v_Sb,0,0,0
mp-10996_v_Yb,0,0,0
mp-1101129_p,0,0,0
mp-1101129_v_I,0,0,0
mp-1101129_v_Pb,0,0,0
mp-1101129_v_Th,0,0,0
mp-1101755_p,0,0,0
mp-1101755_v_Ge,0,0,0
mp-1101755_v_Pt,0,0,0
mp-1101755_v_S,0,0,0
mp-1101781_p,0,0,0
mp-1101781_v_Ba,0,0,0
mp-1101781_v_Cu,0,0,0
mp-1101781_v_Er,0,0,0
mp-1101781_v_Se,0,0,0
mp-1101801_p,0,0,0
mp-1101801_v_Ba,0,0,0
mp-1101801_v_Cu,0,0,0
mp-1101801_v_Se,0,0,0
mp-1101801_v_Y,0,0,0
mp-1101873_p,0,0,0
mp-1101873_v_Er,0,0,0
mp-1101873_v_S,0,0,0
mp-1101971_p,0,0,0
mp-1101971_v_Fe,0,0,0
mp-1101971_v_P,0,0,0
mp-1101971_v_S,0,0,0
mp-11019_p,0,0,0
mp-11019_v_Cu,0,0,0
mp-11019_v_Ga,0,0,0
mp-11019_v_O,0,0,0
mp-11020_p,0,0,0
mp-11020_v_Ag,0,0,0
mp-11020_v_Ga,0,0,0
mp-11020_v_O,0,0,0
mp-1102399_p,0,0,0
mp-1102399_v_Fe,0,0,0
mp-1102399_v_O,0,0,0
mp-1102399_v_P,0,0,0
mp-1102430_p,0,0,0
mp-1102430_v_Ir,0,0,0
mp-1102430_v_Sb,0,0,0
mp-1102430_v_Te,0,0,0
mp-1102476_p,0,0,0
mp-1102476_v_As,0,0,0
mp-1102476_v_Se,0,0,0
mp-1102476_v_Tb,0,0,0
mp-1102534_p,0,0,0
mp-1102534_v_Os,0,0,0
mp-1102534_v_P,0,0,0
mp-1102534_v_S,0,0,0
mp-1102857_p,0,0,0
mp-1102857_v_Ru,0,0,0
mp-1102857_v_Sb,0,0,0
mp-1102857_v_Te,0,0,0
mp-1102952_p,0,0,0
mp-1102952_v_As,0,0,0
mp-1102952_v_Dy,0,0,0
mp-1102952_v_Se,0,0,0
mp-1103189_p,0,0,0
mp-1103189_v_Cl,0,0,0
mp-1103189_v_La,0,0,0
mp-1103189_v_Te,0,0,0
mp-1103213_p,0,0,0
mp-1103213_v_Os,0,0,0
mp-1103213_v_Sb,0,0,0
mp-1103213_v_Te,0,0,0
mp-1103228_p,0,0,0
mp-1103228_v_Bi,0,0,0
mp-1103228_v_Ir,0,0,0
mp-1103228_v_Se,0,0,0
mp-1103261_p,0,0,0
mp-1103261_v_Pt,0,0,0
mp-1103261_v_Se,0,0,0
mp-1103261_v_Si,0,0,0
mp-1103552_p,0,0,0
mp-1103552_v_Al,0,0,0
mp-1103552_v_Eu,0,0,0
mp-1103552_v_Se,0,0,0
mp-1103664_p,0,0,0
mp-1103664_v_Ba,0,0,0
mp-1103664_v_Cu,0,0,0
mp-1103664_v_S,0,0,0
mp-1103664_v_Sc,0,0,0
mp-1103685_p,0,0,0
mp-1103685_v_Mo,0,0,0
mp-1103685_v_Rb,0,0,0
mp-1103685_v_Se,0,0,0
mp-1104011_p,0,0,0
mp-1104011_v_Cd,0,0,0
mp-1104011_v_Cs,0,0,0
mp-1104011_v_Gd,0,0,0
mp-1104011_v_Te,0,0,0
mp-1104183_p,0,0,0
mp-1104183_v_Bi,0,0,0
mp-1104183_v_Mn,0,0,0
mp-1104183_v_Se,0,0,0
mp-1104293_p,0,0,0
mp-1104293_v_Ag,0,0,0
mp-1104293_v_F,0,0,0
mp-1104293_v_K,0,0,0
mp-1104424_p,0,0,0
mp-1104424_v_Ba,0,0,0
mp-1104424_v_H,0,0,0
mp-1104424_v_O,0,0,0
mp-1104424_v_Sb,0,0,0
mp-1104469_p,0,0,0
mp-1104469_v_Cs,0,0,0
mp-1104469_v_Gd,0,0,0
mp-1104469_v_Te,0,0,0
mp-1104469_v_Zn,0,0,0
mp-1104659_p,0,0,0
mp-1104659_v_Dy,0,0,0
mp-1104659_v_Mn,0,0,0
mp-1104659_v_Ni,0,0,0
mp-1104659_v_O,0,0,0
mp-1104717_p,0,0,0
mp-1104717_v_Ag,0,0,0
mp-1104717_v_F,0,0,0
mp-1104717_v_Na,0,0,0
mp-1105095_p,0,0,0
mp-1105095_v_Ba,0,0,0
mp-1105095_v_P,0,0,0
mp-11051_p,0,0,0
mp-11051_v_Na,0,0,0
mp-11051_v_Sn,0,0,0
mp-1105268_p,0,0,0
mp-1105268_v_Ba,0,0,0
mp-1105268_v_C,0,0,0
mp-1105268_v_N,0,0,0
mp-1105268_v_Rh,0,0,0
mp-1105302_p,0,0,0
mp-1105302_v_P,0,0,0
mp-1105302_v_Sr,0,0,0
mp-11054_p,0,0,0
mp-11054_v_Rb,0,0,0
mp-11054_v_Sn,0,0,0
mp-1105622_p,0,0,0
mp-1105622_v_Cl,0,0,0
mp-1105622_v_Co,0,0,0
mp-1105622_v_Cs,0,0,0
mp-1105684_p,0,0,0
mp-1105684_v_Tb,0,0,0
mp-1105684_v_Te,0,0,0
mp-1105695_p,0,0,0
mp-1105695_v_Au,0,0,0
mp-1105695_v_Er,0,0,0
mp-1105695_v_Sb,0,0,0
mp-1105775_p,0,0,0
mp-1105775_v_Cl,0,0,0
mp-1105775_v_Os,0,0,0
mp-1105775_v_Sc,0,0,0
mp-1105938_p,0,0,0
mp-1105938_v_Cu,0,0,0
mp-1105938_v_Dy,0,0,0
mp-1105938_v_K,0,0,0
mp-1105938_v_S,0,0,0
mp-1105961_p,0,0,0
mp-1105961_v_N,0,0,0
mp-1105961_v_Ta,0,0,0
mp-1105961_v_Th,0,0,0
mp-1106080_p,0,0,0
mp-1106080_v_Ba,0,0,0
mp-1106080_v_C,0,0,0
mp-1106080_v_Ir,0,0,0
mp-1106080_v_N,0,0,0
mp-1106094_p,0,0,0
mp-1106094_v_C,0,0,0
mp-1106094_v_K,0,0,0
mp-1106094_v_O,0,0,0
mp-1106363_p,0,0,0
mp-1106363_v_Au,0,0,0
mp-1106363_v_Ho,0,0,0
mp-1106363_v_Sb,0,0,0
mp-1106381_p,0,0,0
mp-1106381_v_As,0,0,0
mp-1106381_v_Na,0,0,0
mp-11115_p,0,0,0
mp-11115_v_Cu,0,0,0
mp-11115_v_Pd,0,0,0
mp-11115_v_Rb,0,0,0
mp-11115_v_Se,0,0,0
mp-1112544_p,0,0,0
mp-1112544_v_As,0,0,0
mp-1112544_v_Cs,0,0,0
mp-1112544_v_I,0,0,0
mp-1112544_v_Tl,0,0,0
mp-1113559_p,0,0,0
mp-1113559_v_Cl,0,0,0
mp-1113559_v_Cu,0,0,0
mp-1113559_v_Rb,0,0,0
mp-1113559_v_Sb,0,0,0
mp-1113579_p,0,0,0
mp-1113579_v_Ag,0,0,0
mp-1113579_v_F,0,0,0
mp-1113579_v_Rb,0,0,0
mp-1113579_v_Tl,0,0,0
mp-1114581_p,0,0,0
mp-1114581_v_Br,0,0,0
mp-1114581_v_Li,0,0,0
mp-1114581_v_Rb,0,0,0
mp-1114581_v_Tl,0,0,0
mp-1115_p,0,0,0
mp-1115_v_Pt,0,0,0
mp-1115_v_Se,0,0,0
mp-11168_p,0,0,0
mp-11168_v_Ca,0,0,0
mp-11168_v_Ir,0,0,0
mp-11168_v_P,0,0,0
mp-1120755_p,0,0,0
mp-1120755_v_C,0,0,0
mp-1120755_v_Na,0,0,0
mp-1120755_v_O,0,0,0
mp-1147551_p,0,0,0
mp-1147551_v_Cu,0,0,0
mp-1147551_v_K,0,0,0
mp-1147551_v_O,0,0,0
mp-1147551_v_Te,0,0,0
mp-11583_p,0,0,0
mp-11583_v_N,0,0,0
mp-11583_v_S,0,0,0
mp-11583_v_Zr,0,0,0
mp-11652_p,0,0,0
mp-11652_v_O,0,0,0
mp-11652_v_Pb,0,0,0
mp-11652_v_Yb,0,0,0
mp-11677_p,0,0,0
mp-11677_v_As,0,0,0
mp-11677_v_Si,0,0,0
mp-11677_v_Sr,0,0,0
mp-11692_p,0,0,0
mp-11692_v_As,0,0,0
mp-11692_v_Ba,0,0,0
mp-11692_v_Si,0,0,0
mp-1172870_p,0,0,0
mp-1172870_v_Cu,0,0,0
mp-1172870_v_Ho,0,0,0
mp-1172870_v_K,0,0,0
mp-1172870_v_S,0,0,0
mp-1173369_p,0,0,0
mp-1173369_v_Eu,0,0,0
mp-1173369_v_Pr,0,0,0
mp-1173369_v_Se,0,0,0
mp-11775_p,0,0,0
mp-11775_v_O,0,0,0
mp-11775_v_Rb,0,0,0
mp-11775_v_U,0,0,0
mp-1178212_p,0,0,0
mp-1178212_v_Fe,0,0,0
mp-1178212_v_O,0,0,0
mp-1178212_v_Sn,0,0,0
mp-1178355_p,0,0,0
mp-1178355_v_Er,0,0,0
mp-1178355_v_O,0,0,0
mp-1178355_v_Te,0,0,0
mp-1178386_p,0,0,0
mp-1178386_v_Cs,0,0,0
mp-1178386_v_Te,0,0,0
mp-11790_p,0,0,0
mp-11790_v_Cu,0,0,0
mp-11790_v_La,0,0,0
mp-11790_v_Se,0,0,0
mp-11792_p,0,0,0
mp-11792_v_Cu,0,0,0
mp-11792_v_Pr,0,0,0
mp-11792_v_Se,0,0,0
mp-11793_p,0,0,0
mp-11793_v_Cu,0,0,0
mp-11793_v_Se,0,0,0
mp-11793_v_Sm,0,0,0
mp-1179800_p,0,0,0
mp-1179800_v_O,0,0,0
mp-1179800_v_Rb,0,0,0
mp-1179800_v_W,0,0,0
mp-1179866_p,0,0,0
mp-1179866_v_Br,0,0,0
mp-1179866_v_C,0,0,0
mp-1179866_v_Pr,0,0,0
mp-1180659_p,0,0,0
mp-1180659_v_K,0,0,0
mp-1180659_v_Se,0,0,0
mp-1182773_p,0,0,0
mp-1182773_v_Ba,0,0,0
mp-1182773_v_Gd,0,0,0
mp-1182773_v_Te,0,0,0
mp-1183951_p,0,0,0
mp-1183951_v_Au,0,0,0
mp-1183951_v_Cs,0,0,0
mp-1183951_v_Pb,0,0,0
mp-1188133_p,0,0,0
mp-1188133_v_Te,0,0,0
mp-1188133_v_Tm,0,0,0
mp-1188175_p,0,0,0
mp-1188175_v_Gd,0,0,0
mp-1188175_v_Se,0,0,0
mp-1188388_p,0,0,0
mp-1188388_v_Er,0,0,0
mp-1188388_v_I,0,0,0
mp-1188388_v_Ni,0,0,0
mp-1188427_p,0,0,0
mp-1188427_v_Dy,0,0,0
mp-1188427_v_Te,0,0,0
mp-1188535_p,0,0,0
mp-1188535_v_I,0,0,0
mp-1188535_v_Ni,0,0,0
mp-1188535_v_Y,0,0,0
mp-1188599_p,0,0,0
mp-1188599_v_Au,0,0,0
mp-1188599_v_Gd,0,0,0
mp-1188599_v_Sb,0,0,0
mp-1188648_p,0,0,0
mp-1188648_v_Br,0,0,0
mp-1188648_v_Ni,0,0,0
mp-1188648_v_Y,0,0,0
mp-1188827_p,0,0,0
mp-1188827_v_Cu,0,0,0
mp-1188827_v_Mg,0,0,0
mp-1188827_v_Se,0,0,0
mp-1188827_v_Si,0,0,0
mp-1188981_p,0,0,0
mp-1188981_v_Au,0,0,0
mp-1188981_v_Sb,0,0,0
mp-1188981_v_Tm,0,0,0
mp-1189054_p,0,0,0
mp-1189054_v_As,0,0,0
mp-1189054_v_Ga,0,0,0
mp-1189054_v_Sr,0,0,0
mp-1189199_p,0,0,0
mp-1189199_v_Au,0,0,0
mp-1189199_v_Lu,0,0,0
mp-1189199_v_Sb,0,0,0
mp-1189209_p,0,0,0
mp-1189209_v_Ho,0,0,0
mp-1189209_v_Te,0,0,0
mp-1189258_p,0,0,0
mp-1189258_v_I,0,0,0
mp-1189258_v_Pt,0,0,0
mp-1189258_v_Y,0,0,0
mp-1189339_p,0,0,0
mp-1189339_v_Ba,0,0,0
mp-1189339_v_In,0,0,0
mp-1189339_v_Sb,0,0,0
mp-1189339_v_Se,0,0,0
mp-1189341_p,0,0,0
mp-1189341_v_Hf,0,0,0
mp-1189341_v_Pb,0,0,0
mp-1189341_v_Se,0,0,0
mp-1189341_v_Tl,0,0,0
mp-1189748_p,0,0,0
mp-1189748_v_Lu,0,0,0
mp-1189748_v_Te,0,0,0
mp-1189791_p,0,0,0
mp-1189791_v_Te,0,0,0
mp-1189791_v_Y,0,0,0
mp-1190030_p,0,0,0
mp-1190030_v_Au,0,0,0
mp-1190030_v_La,0,0,0
mp-1190030_v_Sb,0,0,0
mp-1190455_p,0,0,0
mp-1190455_v_Ag,0,0,0
mp-1190455_v_Cs,0,0,0
mp-1190455_v_Gd,0,0,0
mp-1190455_v_Te,0,0,0
mp-1190457_p,0,0,0
mp-1190457_v_Ag,0,0,0
mp-1190457_v_Ba,0,0,0
mp-1190457_v_S,0,0,0
mp-1190457_v_U,0,0,0
mp-1190574_p,0,0,0
mp-1190574_v_Ho,0,0,0
mp-1190574_v_P,0,0,0
mp-1190574_v_S,0,0,0
mp-1190682_p,0,0,0
mp-1190682_v_C,0,0,0
mp-1190682_v_Cs,0,0,0
mp-1190682_v_I,0,0,0
mp-1190682_v_Pr,0,0,0
mp-1190817_p,0,0,0
mp-1190817_v_As,0,0,0
mp-1190817_v_Cs,0,0,0
mp-1190817_v_Eu,0,0,0
mp-1190817_v_S,0,0,0
mp-1190915_p,0,0,0
mp-1190915_v_Cl,0,0,0
mp-1190915_v_Tc,0,0,0
mp-1190952_p,0,0,0
mp-1190952_v_P,0,0,0
mp-1190952_v_S,0,0,0
mp-1190952_v_Tb,0,0,0
mp-1190996_p,0,0,0
mp-1190996_v_Cs,0,0,0
mp-1190996_v_Cu,0,0,0
mp-1190996_v_Gd,0,0,0
mp-1190996_v_Se,0,0,0
mp-1190998_p,0,0,0
mp-1190998_v_P,0,0,0
mp-1190998_v_Pr,0,0,0
mp-1190998_v_S,0,0,0
mp-1191026_p,0,0,0
mp-1191026_v_P,0,0,0
mp-1191026_v_S,0,0,0
mp-1191026_v_Y,0,0,0
mp-1191216_p,0,0,0
mp-1191216_v_Cs,0,0,0
mp-1191216_v_Fe,0,0,0
mp-1191216_v_O,0,0,0
mp-1191264_p,0,0,0
mp-1191264_v_Cu,0,0,0
mp-1191264_v_Fe,0,0,0
mp-1191264_v_O,0,0,0
mp-1191264_v_Pb,0,0,0
mp-1191264_v_Sr,0,0,0
mp-1191492_p,0,0,0
mp-1191492_v_La,0,0,0
mp-1191492_v_P,0,0,0
mp-1191492_v_S,0,0,0
mp-1191596_p,0,0,0
mp-1191596_v_Er,0,0,0
mp-1191596_v_P,0,0,0
mp-1191596_v_S,0,0,0
mp-1191858_p,0,0,0
mp-1191858_v_Cu,0,0,0
mp-1191858_v_O,0,0,0
mp-1191858_v_Te,0,0,0
mp-1191858_v_Tl,0,0,0
mp-1192030_p,0,0,0
mp-1192030_v_Cl,0,0,0
mp-1192030_v_Co,0,0,0
mp-1192030_v_H,0,0,0
mp-1192030_v_O,0,0,0
mp-1192085_p,0,0,0
mp-1192085_v_Cs,0,0,0
mp-1192085_v_Cu,0,0,0
mp-1192085_v_Sb,0,0,0
mp-1192085_v_Se,0,0,0
mp-1192180_p,0,0,0
mp-1192180_v_P,0,0,0
mp-1192180_v_S,0,0,0
mp-1192180_v_Tm,0,0,0
mp-1192185_p,0,0,0
mp-1192185_v_Dy,0,0,0
mp-1192185_v_P,0,0,0
mp-1192185_v_S,0,0,0
mp-1192231_p,0,0,0
mp-1192231_v_Cu,0,0,0
mp-1192231_v_I,0,0,0
mp-1192231_v_O,0,0,0
mp-1192373_p,0,0,0
mp-1192373_v_Al,0,0,0
mp-1192373_v_Ba,0,0,0
mp-1192373_v_P,0,0,0
mp-1192374_p,0,0,0
mp-1192374_v_As,0,0,0
mp-1192374_v_Ge,0,0,0
mp-1192374_v_K,0,0,0
mp-1192376_p,0,0,0
mp-1192376_v_Al,0,0,0
mp-1192376_v_As,0,0,0
mp-1192376_v_Ba,0,0,0
mp-1192392_p,0,0,0
mp-1192392_v_Cs,0,0,0
mp-1192392_v_O,0,0,0
mp-1192392_v_Os,0,0,0
mp-1192393_p,0,0,0
mp-1192393_v_As,0,0,0
mp-1192393_v_Sn,0,0,0
mp-1192393_v_Sr,0,0,0
mp-1192452_p,0,0,0
mp-1192452_v_Nb,0,0,0
mp-1192452_v_P,0,0,0
mp-1192452_v_Rb,0,0,0
mp-1192452_v_Se,0,0,0
mp-1192510_p,0,0,0
mp-1192510_v_As,0,0,0
mp-1192510_v_Ge,0,0,0
mp-1192510_v_Rb,0,0,0
mp-1192533_p,0,0,0
mp-1192533_v_Al,0,0,0
mp-1192533_v_As,0,0,0
mp-1192533_v_Sr,0,0,0
mp-1192634_p,0,0,0
mp-1192634_v_Ba,0,0,0
mp-1192634_v_Lu,0,0,0
mp-1192634_v_Te,0,0,0
mp-1192904_p,0,0,0
mp-1192904_v_Ba,0,0,0
mp-1192904_v_Gd,0,0,0
mp-1192904_v_S,0,0,0
mp-1193242_p,0,0,0
mp-1193242_v_Cl,0,0,0
mp-1193242_v_Co,0,0,0
mp-1193242_v_Cs,0,0,0
mp-1193569_p,0,0,0
mp-1193569_v_La,0,0,0
mp-1193569_v_O,0,0,0
mp-1193569_v_S,0,0,0
mp-1193919_p,0,0,0
mp-1193919_v_Au,0,0,0
mp-1193919_v_F,0,0,0
mp-1193919_v_Sb,0,0,0
mp-1193919_v_Xe,0,0,0
mp-1194239_p,0,0,0
mp-1194239_v_O,0,0,0
mp-1194239_v_Pu,0,0,0
mp-1194239_v_Si,0,0,0
mp-1195050_p,0,0,0
mp-1195050_v_Ir,0,0,0
mp-1195050_v_Se,0,0,0
mp-1195050_v_Sn,0,0,0
mp-1195333_p,0,0,0
mp-1195333_v_Nd,0,0,0
mp-1195333_v_Se,0,0,0
mp-1195333_v_Zr,0,0,0
mp-1195609_p,0,0,0
mp-1195609_v_Pr,0,0,0
mp-1195609_v_Se,0,0,0
mp-1195609_v_Zr,0,0,0
mp-1197203_p,0,0,0
mp-1197203_v_Ag,0,0,0
mp-1197203_v_Cd,0,0,0
mp-1197203_v_Ge,0,0,0
mp-1197203_v_S,0,0,0
mp-1197516_p,0,0,0
mp-1197516_v_Hf,0,0,0
mp-1197516_v_La,0,0,0
mp-1197516_v_Se,0,0,0
mp-1197519_p,0,0,0
mp-1197519_v_Cl,0,0,0
mp-1197519_v_P,0,0,0
mp-1197519_v_W,0,0,0
mp-1199965_p,0,0,0
mp-1199965_v_Ge,0,0,0
mp-1199965_v_Rh,0,0,0
mp-1199965_v_S,0,0,0
mp-1200409_p,0,0,0
mp-1200409_v_La,0,0,0
mp-1200409_v_Se,0,0,0
mp-1200409_v_Zr,0,0,0
mp-1201357_p,0,0,0
mp-1201357_v_Cs,0,0,0
mp-1201357_v_Te,0,0,0
mp-1201357_v_Tm,0,0,0
mp-1201560_p,0,0,0
mp-1201560_v_P,0,0,0
mp-1201560_v_Pb,0,0,0
mp-1201566_p,0,0,0
mp-1201566_v_As,0,0,0
mp-1201566_v_Se,0,0,0
mp-1201566_v_Tl,0,0,0
mp-1202969_p,0,0,0
mp-1202969_v_I,0,0,0
mp-1202969_v_Se,0,0,0
mp-1202969_v_Tc,0,0,0
mp-1203253_p,0,0,0
mp-1203253_v_N,0,0,0
mp-1203253_v_S,0,0,0
mp-12046_p,0,0,0
mp-12046_v_Na,0,0,0
mp-12046_v_O,0,0,0
mp-12046_v_Rb,0,0,0
mp-12046_v_Ru,0,0,0
mp-1205354_p,0,0,0
mp-1205354_v_Sc,0,0,0
mp-1205354_v_Se,0,0,0
mp-1205511_p,0,0,0
mp-1205511_v_Ni,0,0,0
mp-1205511_v_P,0,0,0
mp-1205511_v_Rb,0,0,0
mp-1205567_p,0,0,0
mp-1205567_v_Br,0,0,0
mp-1205567_v_Y,0,0,0
mp-1205585_p,0,0,0
mp-1205585_v_Ba,0,0,0
mp-1205585_v_Ho,0,0,0
mp-1205585_v_O,0,0,0
mp-1205585_v_U,0,0,0
mp-1205611_p,0,0,0
mp-1205611_v_Ba,0,0,0
mp-1205611_v_Cr,0,0,0
mp-1205611_v_O,0,0,0
mp-1205611_v_U,0,0,0
mp-1205641_p,0,0,0
mp-1205641_v_P,0,0,0
mp-1205641_v_Pt,0,0,0
mp-1205641_v_Rb,0,0,0
mp-1205648_p,0,0,0
mp-1205648_v_As,0,0,0
mp-1205648_v_Ni,0,0,0
mp-1205648_v_Rb,0,0,0
mp-1205693_p,0,0,0
mp-1205693_v_Ba,0,0,0
mp-1205693_v_Dy,0,0,0
mp-1205693_v_O,0,0,0
mp-1205693_v_U,0,0,0
mp-1205700_p,0,0,0
mp-1205700_v_Ba,0,0,0
mp-1205700_v_La,0,0,0
mp-1205700_v_O,0,0,0
mp-1205700_v_U,0,0,0
mp-1205713_p,0,0,0
mp-1205713_v_Ba,0,0,0
mp-1205713_v_O,0,0,0
mp-1205713_v_U,0,0,0
mp-1205713_v_Y,0,0,0
mp-1205761_p,0,0,0
mp-1205761_v_Br,0,0,0
mp-1205761_v_K,0,0,0
mp-1205761_v_Pd,0,0,0
mp-1205833_p,0,0,0
mp-1205833_v_Ba,0,0,0
mp-1205833_v_Nb,0,0,0
mp-1205833_v_O,0,0,0
mp-1205833_v_Rh,0,0,0
mp-1205845_p,0,0,0
mp-1205845_v_Ba,0,0,0
mp-1205845_v_Gd,0,0,0
mp-1205845_v_O,0,0,0
mp-1205845_v_U,0,0,0
mp-1205847_p,0,0,0
mp-1205847_v_Br,0,0,0
mp-1205847_v_Cs,0,0,0
mp-1205847_v_Pd,0,0,0
mp-1205852_p,0,0,0
mp-1205852_v_Cl,0,0,0
mp-1205852_v_Tb,0,0,0
mp-1205865_p,0,0,0
mp-1205865_v_F,0,0,0
mp-1205865_v_Na,0,0,0
mp-1205865_v_Pd,0,0,0
mp-1205865_v_Rb,0,0,0
mp-1205997_p,0,0,0
mp-1205997_v_F,0,0,0
mp-1205997_v_Na,0,0,0
mp-1205997_v_U,0,0,0
mp-1206020_p,0,0,0
mp-1206020_v_Ce,0,0,0
mp-1206020_v_Cu,0,0,0
mp-1206020_v_K,0,0,0
mp-1206020_v_S,0,0,0
mp-1206047_p,0,0,0
mp-1206047_v_Ba,0,0,0
mp-1206047_v_Lu,0,0,0
mp-1206047_v_O,0,0,0
mp-1206047_v_U,0,0,0
mp-1206176_p,0,0,0
mp-1206176_v_Cu,0,0,0
mp-1206176_v_F,0,0,0
mp-1206176_v_Na,0,0,0
mp-1206176_v_Rb,0,0,0
mp-1206292_p,0,0,0
mp-1206292_v_Ba,0,0,0
mp-1206292_v_Er,0,0,0
mp-1206292_v_O,0,0,0
mp-1206292_v_U,0,0,0
mp-1206427_p,0,0,0
mp-1206427_v_Cu,0,0,0
mp-1206427_v_F,0,0,0
mp-1206427_v_K,0,0,0
mp-1206427_v_Rb,0,0,0
mp-1206535_p,0,0,0
mp-1206535_v_Cs,0,0,0
mp-1206535_v_Cu,0,0,0
mp-1206535_v_F,0,0,0
mp-1206535_v_Rb,0,0,0
mp-1206536_p,0,0,0
mp-1206536_v_Ba,0,0,0
mp-1206536_v_In,0,0,0
mp-1206536_v_O,0,0,0
mp-1206536_v_Sb,0,0,0
mp-1206558_p,0,0,0
mp-1206558_v_As,0,0,0
mp-1206558_v_Cs,0,0,0
mp-1206558_v_Pt,0,0,0
mp-1206645_p,0,0,0
mp-1206645_v_Mn,0,0,0
mp-1206645_v_O,0,0,0
mp-1206645_v_Sr,0,0,0
mp-1206645_v_Ti,0,0,0
mp-1206662_p,0,0,0
mp-1206662_v_Cs,0,0,0
mp-1206662_v_I,0,0,0
mp-1206662_v_Ti,0,0,0
mp-1206689_p,0,0,0
mp-1206689_v_As,0,0,0
mp-1206689_v_Cs,0,0,0
mp-1206689_v_Ni,0,0,0
mp-1206763_p,0,0,0
mp-1206763_v_Ba,0,0,0
mp-1206763_v_O,0,0,0
mp-1206763_v_Sc,0,0,0
mp-1206763_v_U,0,0,0
mp-1206803_p,0,0,0
mp-1206803_v_C,0,0,0
mp-1206803_v_I,0,0,0
mp-1206803_v_Y,0,0,0
mp-1206836_p,0,0,0
mp-1206836_v_I,0,0,0
mp-1206836_v_Rb,0,0,0
mp-1206836_v_Tc,0,0,0
mp-1206848_p,0,0,0
mp-1206848_v_Cs,0,0,0
mp-1206848_v_I,0,0,0
mp-1206848_v_Tc,0,0,0
mp-1206881_p,0,0,0
mp-1206881_v_Li,0,0,0
mp-1206881_v_S,0,0,0
mp-1206881_v_Ta,0,0,0
mp-1207069_p,0,0,0
mp-1207069_v_Ba,0,0,0
mp-1207069_v_O,0,0,0
mp-1207069_v_Pu,0,0,0
mp-1207069_v_Zn,0,0,0
mp-1207092_p,0,0,0
mp-1207092_v_Gd,0,0,0
mp-1207092_v_H,0,0,0
mp-1207092_v_Se,0,0,0
mp-1207108_p,0,0,0
mp-1207108_v_Al,0,0,0
mp-1207108_v_Ba,0,0,0
mp-1207108_v_Ge,0,0,0
mp-1207108_v_H,0,0,0
mp-1207130_p,0,0,0
mp-1207130_v_Ba,0,0,0
mp-1207130_v_O,0,0,0
mp-1207130_v_Sm,0,0,0
mp-1207130_v_U,0,0,0
mp-1207213_p,0,0,0
mp-1207213_v_Cu,0,0,0
mp-1207213_v_F,0,0,0
mp-1207213_v_K,0,0,0
mp-1207213_v_Li,0,0,0
mp-1207410_p,0,0,0
mp-1207410_v_Cu,0,0,0
mp-1207410_v_S,0,0,0
mp-1207410_v_Tl,0,0,0
mp-1207410_v_Zr,0,0,0
mp-1207448_p,0,0,0
mp-1207448_v_Pt,0,0,0
mp-1207448_v_Sb,0,0,0
mp-1207448_v_Zr,0,0,0
mp-1207629_p,0,0,0
mp-1207629_v_O,0,0,0
mp-1207629_v_Rh,0,0,0
mp-1207629_v_Y,0,0,0
mp-1207705_p,0,0,0
mp-1207705_v_O,0,0,0
mp-1207705_v_Rh,0,0,0
mp-1207705_v_Tm,0,0,0
mp-1207868_p,0,0,0
mp-1207868_v_Ag,0,0,0
mp-1207868_v_F,0,0,0
mp-1207868_v_U,0,0,0
mp-1208175_p,0,0,0
mp-1208175_v_Co,0,0,0
mp-1208175_v_I,0,0,0
mp-1208175_v_Tl,0,0,0
mp-1208181_p,0,0,0
mp-1208181_v_I,0,0,0
mp-1208181_v_Pt,0,0,0
mp-1208181_v_Tl,0,0,0
mp-1208883_p,0,0,0
mp-1208883_v_As,0,0,0
mp-1208883_v_Se,0,0,0
mp-1208883_v_Sm,0,0,0
mp-1208916_p,0,0,0
mp-1208916_v_Cu,0,0,0
mp-1208916_v_Ge,0,0,0
mp-1208916_v_O,0,0,0
mp-1208916_v_Sm,0,0,0
mp-1209403_p,0,0,0
mp-1209403_v_Fe,0,0,0
mp-1209403_v_I,0,0,0
mp-1209403_v_Rb,0,0,0
mp-1209530_p,0,0,0
mp-1209530_v_Br,0,0,0
mp-1209530_v_Rb,0,0,0
mp-1209530_v_U,0,0,0
mp-1209665_p,0,0,0
mp-1209665_v_Li,0,0,0
mp-1209665_v_Pb,0,0,0
mp-1209665_v_Rb,0,0,0
mp-1209738_p,0,0,0
mp-1209738_v_Cu,0,0,0
mp-1209738_v_Ge,0,0,0
mp-1209738_v_O,0,0,0
mp-1209738_v_Pr,0,0,0
mp-1209746_p,0,0,0
mp-1209746_v_N,0,0,0
mp-1209746_v_Pr,0,0,0
mp-1209746_v_Se,0,0,0
mp-1209940_p,0,0,0
mp-1209940_v_Cu,0,0,0
mp-1209940_v_F,0,0,0
mp-1209940_v_Na,0,0,0
mp-1209940_v_Sm,0,0,0
mp-1209975_p,0,0,0
mp-1209975_v_N,0,0,0
mp-1209975_v_Nd,0,0,0
mp-1209975_v_Se,0,0,0
mp-1210068_p,0,0,0
mp-1210068_v_Cu,0,0,0
mp-1210068_v_Er,0,0,0
mp-1210068_v_F,0,0,0
mp-1210068_v_Na,0,0,0
mp-1210229_p,0,0,0
mp-1210229_v_Cl,0,0,0
mp-1210229_v_In,0,0,0
mp-1210229_v_Nb,0,0,0
mp-1211043_p,0,0,0
mp-1211043_v_Br,0,0,0
mp-1211043_v_Fe,0,0,0
mp-1211043_v_Li,0,0,0
mp-1211520_p,0,0,0
mp-1211520_v_Br,0,0,0
mp-1211520_v_Fe,0,0,0
mp-1211520_v_K,0,0,0
mp-1211726_p,0,0,0
mp-1211726_v_Fe,0,0,0
mp-1211726_v_K,0,0,0
mp-1211726_v_O,0,0,0
mp-1211726_v_Rb,0,0,0
mp-1211803_p,0,0,0
mp-1211803_v_Au,0,0,0
mp-1211803_v_Br,0,0,0
mp-1211803_v_K,0,0,0
mp-1211977_p,0,0,0
mp-1211977_v_Co,0,0,0
mp-1211977_v_I,0,0,0
mp-1211977_v_K,0,0,0
mp-1212067_p,0,0,0
mp-1212067_v_In,0,0,0
mp-1212067_v_O,0,0,0
mp-1212067_v_Sb,0,0,0
mp-1212108_p,0,0,0
mp-1212108_v_Ho,0,0,0
mp-1212108_v_O,0,0,0
mp-1212108_v_Rh,0,0,0
mp-1212441_p,0,0,0
mp-1212441_v_Hf,0,0,0
mp-1212441_v_Ni,0,0,0
mp-1212441_v_Sb,0,0,0
mp-1212638_p,0,0,0
mp-1212638_v_Cu,0,0,0
mp-1212638_v_Gd,0,0,0
mp-1212638_v_Ge,0,0,0
mp-1212638_v_O,0,0,0
mp-1212687_p,0,0,0
mp-1212687_v_Ag,0,0,0
mp-1212687_v_F,0,0,0
mp-1212687_v_Fe,0,0,0
mp-1212687_v_Ni,0,0,0
mp-1212698_p,0,0,0
mp-1212698_v_Eu,0,0,0
mp-1212698_v_F,0,0,0
mp-1212698_v_Zr,0,0,0
mp-1212840_p,0,0,0
mp-1212840_v_Br,0,0,0
mp-1212840_v_Er,0,0,0
mp-1212840_v_Os,0,0,0
mp-1212884_p,0,0,0
mp-1212884_v_Dy,0,0,0
mp-1212884_v_O,0,0,0
mp-1212884_v_Rh,0,0,0
mp-1213022_p,0,0,0
mp-1213022_v_Er,0,0,0
mp-1213022_v_O,0,0,0
mp-1213022_v_Rh,0,0,0
mp-1213048_p,0,0,0
mp-1213048_v_As,0,0,0
mp-1213048_v_Er,0,0,0
mp-1213048_v_Se,0,0,0
mp-1213054_p,0,0,0
mp-1213054_v_Cl,0,0,0
mp-1213054_v_Eu,0,0,0
mp-1213054_v_Tl,0,0,0
mp-1213063_p,0,0,0
mp-1213063_v_Cs,0,0,0
mp-1213063_v_Mn,0,0,0
mp-1213063_v_Se,0,0,0
mp-1213063_v_Tb,0,0,0
mp-1213646_p,0,0,0
mp-1213646_v_Cs,0,0,0
mp-1213646_v_Mn,0,0,0
mp-1213646_v_Se,0,0,0
mp-1213646_v_Y,0,0,0
mp-1213648_p,0,0,0
mp-1213648_v_Cs,0,0,0
mp-1213648_v_Mn,0,0,0
mp-1213648_v_Se,0,0,0
mp-1213648_v_Tm,0,0,0
mp-1213649_p,0,0,0
mp-1213649_v_Cs,0,0,0
mp-1213649_v_Ho,0,0,0
mp-1213649_v_Mn,0,0,0
mp-1213649_v_Se,0,0,0
mp-1213650_p,0,0,0
mp-1213650_v_Cs,0,0,0
mp-1213650_v_Er,0,0,0
mp-1213650_v_Mn,0,0,0
mp-1213650_v_Se,0,0,0
mp-1213704_p,0,0,0
mp-1213704_v_Cs,0,0,0
mp-1213704_v_Li,0,0,0
mp-1213704_v_Pb,0,0,0
mp-1214168_p,0,0,0
mp-1214168_v_Br,0,0,0
mp-1214168_v_Co,0,0,0
mp-1214168_v_Cs,0,0,0
mp-1214381_p,0,0,0
mp-1214381_v_Ba,0,0,0
mp-1214381_v_Cu,0,0,0
mp-1214381_v_Pr,0,0,0
mp-1214381_v_Te,0,0,0
mp-1214391_p,0,0,0
mp-1214391_v_Ba,0,0,0
mp-1214391_v_Np,0,0,0
mp-1214391_v_O,0,0,0
mp-1214402_p,0,0,0
mp-1214402_v_Ba,0,0,0
mp-1214402_v_Cu,0,0,0
mp-1214402_v_Nd,0,0,0
mp-1214402_v_Te,0,0,0
mp-1214461_p,0,0,0
mp-1214461_v_Ba,0,0,0
mp-1214461_v_Bi,0,0,0
mp-1214461_v_Li,0,0,0
mp-1214461_v_O,0,0,0
mp-1214695_p,0,0,0
mp-1214695_v_Ba,0,0,0
mp-1214695_v_Cu,0,0,0
mp-1214695_v_F,0,0,0
mp-1214695_v_V,0,0,0
mp-1214786_p,0,0,0
mp-1214786_v_As,0,0,0
mp-1214786_v_Ru,0,0,0
mp-1214786_v_S,0,0,0
mp-1214794_p,0,0,0
mp-1214794_v_As,0,0,0
mp-1214794_v_Ru,0,0,0
mp-1214794_v_Se,0,0,0
mp-1215558_p,0,0,0
mp-1215558_v_Ag,0,0,0
mp-1215558_v_Ge,0,0,0
mp-1215558_v_S,0,0,0
mp-1215558_v_Zn,0,0,0
mp-1216061_p,0,0,0
mp-1216061_v_S,0,0,0
mp-1216061_v_Sn,0,0,0
mp-1216061_v_Yb,0,0,0
mp-1216090_p,0,0,0
mp-1216090_v_Mn,0,0,0
mp-1216090_v_S,0,0,0
mp-1216090_v_Si,0,0,0
mp-1216090_v_Y,0,0,0
mp-1217120_p,0,0,0
mp-1217120_v_Fe,0,0,0
mp-1217120_v_Ni,0,0,0
mp-1217120_v_Sb,0,0,0
mp-1217120_v_Ti,0,0,0
mp-1217269_p,0,0,0
mp-1217269_v_Se,0,0,0
mp-1217269_v_Te,0,0,0
mp-1217281_p,0,0,0
mp-1217281_v_As,0,0,0
mp-1217281_v_N,0,0,0
mp-1217281_v_O,0,0,0
mp-1217281_v_Th,0,0,0
mp-1217322_p,0,0,0
mp-1217322_v_Se,0,0,0
mp-1217322_v_Te,0,0,0
mp-1218324_p,0,0,0
mp-1218324_v_Cr,0,0,0
mp-1218324_v_H,0,0,0
mp-1218324_v_O,0,0,0
mp-1218324_v_Sr,0,0,0
mp-1218333_p,0,0,0
mp-1218333_v_Fe,0,0,0
mp-1218333_v_Mo,0,0,0
mp-1218333_v_O,0,0,0
mp-1218333_v_Sr,0,0,0
mp-1218382_p,0,0,0
mp-1218382_v_Bi,0,0,0
mp-1218382_v_O,0,0,0
mp-1218382_v_Sr,0,0,0
mp-1218639_p,0,0,0
mp-1218639_v_C,0,0,0
mp-1218639_v_Mn,0,0,0
mp-1218639_v_O,0,0,0
mp-1218639_v_Sr,0,0,0
mp-1218686_p,0,0,0
mp-1218686_v_Mn,0,0,0
mp-1218686_v_O,0,0,0
mp-1218686_v_Sr,0,0,0
mp-1218686_v_Ti,0,0,0
mp-1218763_p,0,0,0
mp-1218763_v_Mn,0,0,0
mp-1218763_v_O,0,0,0
mp-1218763_v_Sb,0,0,0
mp-1218763_v_Sr,0,0,0
mp-1218828_p,0,0,0
mp-1218828_v_F,0,0,0
mp-1218828_v_Fe,0,0,0
mp-1218828_v_O,0,0,0
mp-1218828_v_Sr,0,0,0
mp-1218926_p,0,0,0
mp-1218926_v_Pt,0,0,0
mp-1218926_v_Se,0,0,0
mp-1218926_v_Sn,0,0,0
mp-1218953_p,0,0,0
mp-1218953_v_Ge,0,0,0
mp-1218953_v_Se,0,0,0
mp-1218953_v_Sn,0,0,0
mp-1218953_v_Te,0,0,0
mp-1219055_p,0,0,0
mp-1219055_v_Gd,0,0,0
mp-1219055_v_S,0,0,0
mp-1219055_v_Sm,0,0,0
mp-1219236_p,0,0,0
mp-1219236_v_Br,0,0,0
mp-1219236_v_Cl,0,0,0
mp-1219236_v_Re,0,0,0
mp-1219319_p,0,0,0
mp-1219319_v_Co,0,0,0
mp-1219319_v_Ni,0,0,0
mp-1219319_v_O,0,0,0
mp-1219319_v_Sm,0,0,0
mp-1219343_p,0,0,0
mp-1219343_v_Cu,0,0,0
mp-1219343_v_Sc,0,0,0
mp-1219343_v_Se,0,0,0
mp-1219458_p,0,0,0
mp-1219458_v_Rh,0,0,0
mp-1219458_v_Sb,0,0,0
mp-1219458_v_Te,0,0,0
mp-1219591_p,0,0,0
mp-1219591_v_Co,0,0,0
mp-1219591_v_F,0,0,0
mp-1219591_v_Ni,0,0,0
mp-1219591_v_Rb,0,0,0
mp-1219595_p,0,0,0
mp-1219595_v_Hg,0,0,0
mp-1219595_v_Rb,0,0,0
mp-1219595_v_Sb,0,0,0
mp-1219595_v_Te,0,0,0
mp-1219616_p,0,0,0
mp-1219616_v_Cl,0,0,0
mp-1219616_v_Rb,0,0,0
mp-1219616_v_Sb,0,0,0
mp-1219616_v_Tl,0,0,0
mp-1219787_p,0,0,0
mp-1219787_v_Bi,0,0,0
mp-1219787_v_Rb,0,0,0
mp-1219787_v_Se,0,0,0
mp-1220059_p,0,0,0
mp-1220059_v_Ge,0,0,0
mp-1220059_v_Mn,0,0,0
mp-1220059_v_Pr,0,0,0
mp-1220059_v_S,0,0,0
mp-1220528_p,0,0,0
mp-1220528_v_Fe,0,0,0
mp-1220528_v_Nd,0,0,0
mp-1220528_v_O,0,0,0
mp-1220528_v_V,0,0,0
mp-1220784_p,0,0,0
mp-1220784_v_In,0,0,0
mp-1220784_v_Na,0,0,0
mp-1220784_v_Sn,0,0,0
mp-1220867_p,0,0,0
mp-1220867_v_Na,0,0,0
mp-1220867_v_O,0,0,0
mp-1220867_v_Tl,0,0,0
mp-1220879_p,0,0,0
mp-1220879_v_Na,0,0,0
mp-1220879_v_Sb,0,0,0
mp-1220879_v_Se,0,0,0
mp-1220883_p,0,0,0
mp-1220883_v_Na,0,0,0
mp-1220883_v_Sb,0,0,0
mp-1220883_v_Te,0,0,0
mp-1221084_p,0,0,0
mp-1221084_v_Cu,0,0,0
mp-1221084_v_H,0,0,0
mp-1221084_v_Na,0,0,0
mp-1221084_v_O,0,0,0
mp-1221084_v_S,0,0,0
mp-1221153_p,0,0,0
mp-1221153_v_Na,0,0,0
mp-1221153_v_P,0,0,0
mp-1221153_v_Si,0,0,0
mp-1221153_v_Sr,0,0,0
mp-1221154_p,0,0,0
mp-1221154_v_As,0,0,0
mp-1221154_v_Na,0,0,0
mp-1221154_v_Si,0,0,0
mp-1221154_v_Sr,0,0,0
mp-1221181_p,0,0,0
mp-1221181_v_Eu,0,0,0
mp-1221181_v_Na,0,0,0
mp-1221181_v_Se,0,0,0
mp-1221181_v_Si,0,0,0
mp-1221196_p,0,0,0
mp-1221196_v_Eu,0,0,0
mp-1221196_v_Na,0,0,0
mp-1221196_v_Si,0,0,0
mp-1221196_v_Te,0,0,0
mp-1221206_p,0,0,0
mp-1221206_v_As,0,0,0
mp-1221206_v_Ca,0,0,0
mp-1221206_v_Na,0,0,0
mp-1221206_v_Si,0,0,0
mp-1221380_p,0,0,0
mp-1221380_v_Eu,0,0,0
mp-1221380_v_Na,0,0,0
mp-1221380_v_Nb,0,0,0
mp-1221380_v_O,0,0,0
mp-1221380_v_Ti,0,0,0
mp-1221499_p,0,0,0
mp-1221499_v_Mo,0,0,0
mp-1221499_v_Ru,0,0,0
mp-1221499_v_Se,0,0,0
mp-1221502_p,0,0,0
mp-1221502_v_Mn,0,0,0
mp-1221502_v_S,0,0,0
mp-1221502_v_Zn,0,0,0
mp-1221515_p,0,0,0
mp-1221515_v_Mn,0,0,0
mp-1221515_v_Se,0,0,0
mp-1221515_v_Zn,0,0,0
mp-1221643_p,0,0,0
mp-1221643_v_Cd,0,0,0
mp-1221643_v_Mn,0,0,0
mp-1221643_v_S,0,0,0
mp-1221753_p,0,0,0
mp-1221753_v_Cd,0,0,0
mp-1221753_v_Cr,0,0,0
mp-1221753_v_Mn,0,0,0
mp-1221753_v_Se,0,0,0
mp-1221772_p,0,0,0
mp-1221772_v_Cd,0,0,0
mp-1221772_v_Mn,0,0,0
mp-1221772_v_S,0,0,0
mp-1221996_p,0,0,0
mp-1221996_v_Co,0,0,0
mp-1221996_v_Mn,0,0,0
mp-1221996_v_O,0,0,0
mp-1222392_p,0,0,0
mp-1222392_v_I,0,0,0
mp-1222392_v_Li,0,0,0
mp-1222392_v_U,0,0,0
mp-1223306_p,0,0,0
mp-1223306_v_La,0,0,0
mp-1223306_v_Te,0,0,0
mp-1223306_v_Tl,0,0,0
mp-1223361_p,0,0,0
mp-1223361_v_La,0,0,0
mp-1223361_v_Ni,0,0,0
mp-1223361_v_S,0,0,0
mp-1223361_v_Si,0,0,0
mp-1223855_p,0,0,0
mp-1223855_v_Hg,0,0,0
mp-1223855_v_K,0,0,0
mp-1223855_v_Sn,0,0,0
mp-1223855_v_Te,0,0,0
mp-1223893_p,0,0,0
mp-1223893_v_Ag,0,0,0
mp-1223893_v_Ge,0,0,0
mp-1223893_v_In,0,0,0
mp-1223893_v_Se,0,0,0
mp-1224048_p,0,0,0
mp-1224048_v_Ag,0,0,0
mp-1224048_v_In,0,0,0
mp-1224048_v_S,0,0,0
mp-1224048_v_Sn,0,0,0
mp-1224114_p,0,0,0
mp-1224114_v_Ba,0,0,0
mp-1224114_v_K,0,0,0
mp-1224114_v_P,0,0,0
mp-1224114_v_Sn,0,0,0
mp-1224210_p,0,0,0
mp-1224210_v_Cu,0,0,0
mp-1224210_v_Ge,0,0,0
mp-1224210_v_In,0,0,0
mp-1224210_v_Se,0,0,0
mp-1224505_p,0,0,0
mp-1224505_v_In,0,0,0
mp-1224505_v_K,0,0,0
mp-1224505_v_P,0,0,0
mp-1224786_p,0,0,0
mp-1224786_v_Ga,0,0,0
mp-1224786_v_O,0,0,0
mp-1224786_v_Sb,0,0,0
mp-1224851_p,0,0,0
mp-1224851_v_Cu,0,0,0
mp-1224851_v_Ga,0,0,0
mp-1224851_v_Ge,0,0,0
mp-1224851_v_Se,0,0,0
mp-1225099_p,0,0,0
mp-1225099_v_Ag,0,0,0
mp-1225099_v_Fe,0,0,0
mp-1225099_v_S,0,0,0
mp-1225099_v_Sn,0,0,0
mp-1225409_p,0,0,0
mp-1225409_v_Dy,0,0,0
mp-1225409_v_Mn,0,0,0
mp-1225409_v_S,0,0,0
mp-1225409_v_Si,0,0,0
mp-1225870_p,0,0,0
mp-1225870_v_Cs,0,0,0
mp-1225870_v_S,0,0,0
mp-1225870_v_Ta,0,0,0
mp-1225894_p,0,0,0
mp-1225894_v_Cs,0,0,0
mp-1225894_v_Li,0,0,0
mp-1225894_v_Mn,0,0,0
mp-1225894_v_S,0,0,0
mp-1225923_p,0,0,0
mp-1225923_v_Cs,0,0,0
mp-1225923_v_O,0,0,0
mp-1225923_v_Sb,0,0,0
mp-1225923_v_Te,0,0,0
mp-1225982_p,0,0,0
mp-1225982_v_Cs,0,0,0
mp-1225982_v_Ga,0,0,0
mp-1225982_v_Hg,0,0,0
mp-1225982_v_Se,0,0,0
mp-1225986_p,0,0,0
mp-1225986_v_Ag,0,0,0
mp-1225986_v_Cu,0,0,0
mp-1225986_v_N,0,0,0
mp-1225986_v_O,0,0,0
mp-1225986_v_Se,0,0,0
mp-1226046_p,0,0,0
mp-1226046_v_Cs,0,0,0
mp-1226046_v_Cu,0,0,0
mp-1226046_v_In,0,0,0
mp-1226046_v_O,0,0,0
mp-1226046_v_P,0,0,0
mp-1226191_p,0,0,0
mp-1226191_v_Cs,0,0,0
mp-1226191_v_Ge,0,0,0
mp-1226191_v_O,0,0,0
mp-1226191_v_Te,0,0,0
mp-1226281_p,0,0,0
mp-1226281_v_Ag,0,0,0
mp-1226281_v_Cr,0,0,0
mp-1226281_v_P,0,0,0
mp-1226281_v_Se,0,0,0
mp-1226296_p,0,0,0
mp-1226296_v_Cr,0,0,0
mp-1226296_v_Cu,0,0,0
mp-1226296_v_P,0,0,0
mp-1226296_v_Se,0,0,0
mp-1226383_p,0,0,0
mp-1226383_v_As,0,0,0
mp-1226383_v_Cs,0,0,0
mp-1226383_v_O,0,0,0
mp-1226383_v_Sn,0,0,0
mp-12265_p,0,0,0
mp-12265_v_Cu,0,0,0
mp-12265_v_F,0,0,0
mp-12265_v_Sr,0,0,0
mp-12266_p,0,0,0
mp-12266_v_Ca,0,0,0
mp-12266_v_Cu,0,0,0
mp-12266_v_F,0,0,0
mp-1226771_p,0,0,0
mp-1226771_v_Ag,0,0,0
mp-1226771_v_Cd,0,0,0
mp-1226771_v_S,0,0,0
mp-1226771_v_Sn,0,0,0
mp-1228030_p,0,0,0
mp-1228030_v_Ba,0,0,0
mp-1228030_v_Bi,0,0,0
mp-1228030_v_O,0,0,0
mp-1228084_p,0,0,0
mp-1228084_v_Ba,0,0,0
mp-1228084_v_Cu,0,0,0
mp-1228084_v_O,0,0,0
mp-1228084_v_Sc,0,0,0
mp-1228234_p,0,0,0
mp-1228234_v_Ba,0,0,0
mp-1228234_v_Er,0,0,0
mp-1228234_v_Mo,0,0,0
mp-1228234_v_O,0,0,0
mp-1228234_v_Sr,0,0,0
mp-1228721_p,0,0,0
mp-1228721_v_Ag,0,0,0
mp-1228721_v_Al,0,0,0
mp-1228721_v_In,0,0,0
mp-1228721_v_Se,0,0,0
mp-1228724_p,0,0,0
mp-1228724_v_As,0,0,0
mp-1228724_v_Rh,0,0,0
mp-1228724_v_Se,0,0,0
mp-1228885_p,0,0,0
mp-1228885_v_Ba,0,0,0
mp-1228885_v_Cu,0,0,0
mp-1228885_v_F,0,0,0
mp-1228885_v_V,0,0,0
mp-1228961_p,0,0,0
mp-1228961_v_Al,0,0,0
mp-1228961_v_Cu,0,0,0
mp-1228961_v_S,0,0,0
mp-1228961_v_Sn,0,0,0
mp-1228984_p,0,0,0
mp-1228984_v_Al,0,0,0
mp-1228984_v_Cu,0,0,0
mp-1228984_v_P,0,0,0
mp-1228984_v_Se,0,0,0
mp-1229027_p,0,0,0
mp-1229027_v_Al,0,0,0
mp-1229027_v_Cu,0,0,0
mp-1229027_v_Se,0,0,0
mp-1229027_v_Sn,0,0,0
mp-1229208_p,0,0,0
mp-1229208_v_Bi,0,0,0
mp-1229208_v_Cs,0,0,0
mp-1229208_v_Se,0,0,0
mp-1232280_p,0,0,0
mp-1232280_v_S,0,0,0
mp-1232280_v_Sm,0,0,0
mp-1232332_p,0,0,0
mp-1232332_v_Cu,0,0,0
mp-1232332_v_Se,0,0,0
mp-1232332_v_Si,0,0,0
mp-1232332_v_Zn,0,0,0
mp-12337_p,0,0,0
mp-12337_v_La,0,0,0
mp-12337_v_Na,0,0,0
mp-12337_v_O,0,0,0
mp-12337_v_Os,0,0,0
mp-1239_p,0,0,0
mp-1239_v_Ir,0,0,0
mp-1239_v_Sb,0,0,0
mp-1245502_p,0,0,0
mp-1245502_v_Li,0,0,0
mp-1245502_v_N,0,0,0
mp-1245502_v_Ti,0,0,0
mp-12459_p,0,0,0
mp-12459_v_Ag,0,0,0
mp-12459_v_P,0,0,0
mp-12459_v_S,0,0,0
mp-1270_p,0,0,0
mp-1270_v_Dy,0,0,0
mp-1270_v_S,0,0,0
mp-12814_p,0,0,0
mp-12814_v_Ba,0,0,0
mp-12814_v_N,0,0,0
mp-12814_v_Sb,0,0,0
mp-1285_p,0,0,0
mp-1285_v_O,0,0,0
mp-1285_v_Pt,0,0,0
mp-12984_p,0,0,0
mp-12984_v_Cu,0,0,0
mp-12984_v_Se,0,0,0
mp-12984_v_Tb,0,0,0
mp-1317_p,0,0,0
mp-1317_v_Co,0,0,0
mp-1317_v_Sb,0,0,0
mp-13277_p,0,0,0
mp-13277_v_Ba,0,0,0
mp-13277_v_Li,0,0,0
mp-13277_v_P,0,0,0
mp-13312_p,0,0,0
mp-13312_v_S,0,0,0
mp-13312_v_Sc,0,0,0
mp-13312_v_Tl,0,0,0
mp-13313_p,0,0,0
mp-13313_v_Sc,0,0,0
mp-13313_v_Se,0,0,0
mp-13313_v_Tl,0,0,0
mp-13326_p,0,0,0
mp-13326_v_Lu,0,0,0
mp-13326_v_Pr,0,0,0
mp-13326_v_Se,0,0,0
mp-13327_p,0,0,0
mp-13327_v_Lu,0,0,0
mp-13327_v_Nd,0,0,0
mp-13327_v_Se,0,0,0
mp-13361_p,0,0,0
mp-13361_v_Cd,0,0,0
mp-13361_v_Cu,0,0,0
mp-13361_v_O,0,0,0
mp-13361_v_P,0,0,0
mp-13445_p,0,0,0
mp-13445_v_As,0,0,0
mp-13445_v_Pt,0,0,0
mp-13445_v_Rb,0,0,0
mp-1345_p,0,0,0
mp-1345_v_Ca,0,0,0
mp-1345_v_P,0,0,0
mp-13654_p,0,0,0
mp-13654_v_Au,0,0,0
mp-13654_v_Sb,0,0,0
mp-13654_v_Y,0,0,0
mp-13660_p,0,0,0
mp-13660_v_Ca,0,0,0
mp-13660_v_O,0,0,0
mp-13660_v_Sb,0,0,0
mp-13682_p,0,0,0
mp-13682_v_Pd,0,0,0
mp-13682_v_S,0,0,0
mp-13687_p,0,0,0
mp-13687_v_Ag,0,0,0
mp-13687_v_Cs,0,0,0
mp-13687_v_F,0,0,0
mp-13687_v_K,0,0,0
mp-13797_p,0,0,0
mp-13797_v_Cu,0,0,0
mp-13797_v_F,0,0,0
mp-13797_v_K,0,0,0
mp-13797_v_Na,0,0,0
mp-13801_p,0,0,0
mp-13801_v_O,0,0,0
mp-13801_v_Pt,0,0,0
mp-13801_v_Tl,0,0,0
mp-13820_p,0,0,0
mp-13820_v_Cd,0,0,0
mp-13820_v_O,0,0,0
mp-13820_v_Si,0,0,0
mp-13868_p,0,0,0
mp-13868_v_F,0,0,0
mp-13868_v_Pd,0,0,0
mp-1403_p,0,0,0
mp-1403_v_S,0,0,0
mp-1403_v_Sm,0,0,0
mp-14100_p,0,0,0
mp-14100_v_Cd,0,0,0
mp-14100_v_O,0,0,0
mp-14100_v_Rh,0,0,0
mp-14116_p,0,0,0
mp-14116_v_Cu,0,0,0
mp-14116_v_O,0,0,0
mp-14116_v_Rh,0,0,0
mp-1413_p,0,0,0
mp-1413_v_P,0,0,0
mp-1413_v_Ru,0,0,0
mp-14243_p,0,0,0
mp-14243_v_Cd,0,0,0
mp-14243_v_O,0,0,0
mp-14243_v_Te,0,0,0
mp-14285_p,0,0,0
mp-14285_v_Co,0,0,0
mp-14285_v_P,0,0,0
mp-14288_p,0,0,0
mp-14288_v_P,0,0,0
mp-14288_v_Sr,0,0,0
mp-14336_p,0,0,0
mp-14336_v_Cs,0,0,0
mp-14336_v_Ni,0,0,0
mp-14336_v_Se,0,0,0
mp-14339_p,0,0,0
mp-14339_v_K,0,0,0
mp-14339_v_Pd,0,0,0
mp-14339_v_Se,0,0,0
mp-14588_p,0,0,0
mp-14588_v_Na,0,0,0
mp-14588_v_Pt,0,0,0
mp-14588_v_Se,0,0,0
mp-14643_p,0,0,0
mp-14643_v_Er,0,0,0
mp-14643_v_Te,0,0,0
mp-14653_p,0,0,0
mp-14653_v_Ag,0,0,0
mp-14653_v_F,0,0,0
mp-14653_v_Sb,0,0,0
mp-1477_p,0,0,0
mp-1477_v_Ba,0,0,0
mp-1477_v_Si,0,0,0
mp-14791_p,0,0,0
mp-14791_v_As,0,0,0
mp-14791_v_Ge,0,0,0
mp-14791_v_Te,0,0,0
mp-149_p,0,0,0
mp-149_v_Si,0,0,0
mp-15081_p,0,0,0
mp-15081_v_Se,0,0,0
mp-15081_v_Sm,0,0,0
mp-1508_p,0,0,0
mp-1508_v_La,0,0,0
mp-1508_v_S,0,0,0
mp-15179_p,0,0,0
mp-15179_v_Pr,0,0,0
mp-15179_v_S,0,0,0
mp-1522_p,0,0,0
mp-1522_v_Fe,0,0,0
mp-1522_v_S,0,0,0
mp-15257_p,0,0,0
mp-15257_v_Se,0,0,0
mp-15257_v_Tb,0,0,0
mp-15339_p,0,0,0
mp-15339_v_As,0,0,0
mp-15339_v_Sr,0,0,0
mp-1536_p,0,0,0
mp-1536_v_K,0,0,0
mp-1536_v_Sb,0,0,0
mp-15472_p,0,0,0
mp-15472_v_Ba,0,0,0
mp-15472_v_C,0,0,0
mp-15472_v_Cu,0,0,0
mp-15472_v_Li,0,0,0
mp-15472_v_O,0,0,0
mp-15553_p,0,0,0
mp-15553_v_Cu,0,0,0
mp-15553_v_Gd,0,0,0
mp-15553_v_K,0,0,0
mp-15553_v_S,0,0,0
mp-15556_p,0,0,0
mp-15556_v_As,0,0,0
mp-15556_v_Rb,0,0,0
mp-15557_p,0,0,0
mp-15557_v_As,0,0,0
mp-15557_v_Cs,0,0,0
mp-15572_p,0,0,0
mp-15572_v_Al,0,0,0
mp-15572_v_As,0,0,0
mp-15572_v_Ca,0,0,0
mp-15572_v_Na,0,0,0
mp-15622_p,0,0,0
mp-15622_v_Hf,0,0,0
mp-15622_v_Se,0,0,0
mp-15685_p,0,0,0
mp-15685_v_As,0,0,0
mp-15685_v_Cu,0,0,0
mp-15685_v_Na,0,0,0
mp-15724_p,0,0,0
mp-15724_v_K,0,0,0
mp-15724_v_Na,0,0,0
mp-15724_v_Sb,0,0,0
mp-15845_p,0,0,0
mp-15845_v_Li,0,0,0
mp-15845_v_N,0,0,0
mp-15845_v_Sr,0,0,0
mp-15953_p,0,0,0
mp-15953_v_P,0,0,0
mp-15953_v_Rh,0,0,0
mp-15988_p,0,0,0
mp-15988_v_Cu,0,0,0
mp-15988_v_Li,0,0,0
mp-15988_v_Sb,0,0,0
mp-16116_p,0,0,0
mp-16116_v_Cu,0,0,0
mp-16116_v_Rb,0,0,0
mp-16116_v_Se,0,0,0
mp-16116_v_Sm,0,0,0
mp-16236_p,0,0,0
mp-16236_v_Ag,0,0,0
mp-16236_v_K,0,0,0
mp-16236_v_Se,0,0,0
mp-16264_p,0,0,0
mp-16264_v_Ca,0,0,0
mp-16264_v_Li,0,0,0
mp-16264_v_Sb,0,0,0
mp-16272_p,0,0,0
mp-16272_v_Ce,0,0,0
mp-16272_v_Fe,0,0,0
mp-16272_v_P,0,0,0
mp-1683_p,0,0,0
mp-1683_v_Se,0,0,0
mp-1683_v_Zr,0,0,0
mp-16905_p,0,0,0
mp-16905_v_Ba,0,0,0
mp-16905_v_Mn,0,0,0
mp-16905_v_Te,0,0,0
mp-16992_p,0,0,0
mp-16992_v_Ag,0,0,0
mp-16992_v_Na,0,0,0
mp-16992_v_S,0,0,0
mp-1705_p,0,0,0
mp-1705_v_O,0,0,0
mp-1705_v_Sb,0,0,0
mp-17063_p,0,0,0
mp-17063_v_Ba,0,0,0
mp-17063_v_Cu,0,0,0
mp-17063_v_La,0,0,0
mp-17063_v_Te,0,0,0
mp-17120_p,0,0,0
mp-17120_v_Al,0,0,0
mp-17120_v_Cs,0,0,0
mp-17120_v_K,0,0,0
mp-17120_v_Sb,0,0,0
mp-17123_p,0,0,0
mp-17123_v_Os,0,0,0
mp-17123_v_Si,0,0,0
mp-1714_p,0,0,0
mp-1714_v_Fe,0,0,0
mp-1714_v_Si,0,0,0
mp-17151_p,0,0,0
mp-17151_v_Cr,0,0,0
mp-17151_v_O,0,0,0
mp-17151_v_U,0,0,0
mp-17153_p,0,0,0
mp-17153_v_Ba,0,0,0
mp-17153_v_Tb,0,0,0
mp-17153_v_Te,0,0,0
mp-17217_p,0,0,0
mp-17217_v_Ge,0,0,0
mp-17217_v_Te,0,0,0
mp-17217_v_Tl,0,0,0
mp-17228_p,0,0,0
mp-17228_v_K,0,0,0
mp-17228_v_Ni,0,0,0
mp-17228_v_S,0,0,0
mp-17273_p,0,0,0
mp-17273_v_Ba,0,0,0
mp-17273_v_Ho,0,0,0
mp-17273_v_Te,0,0,0
mp-17407_p,0,0,0
mp-17407_v_Au,0,0,0
mp-17407_v_F,0,0,0
mp-17524_p,0,0,0
mp-17524_v_As,0,0,0
mp-17524_v_Ge,0,0,0
mp-17546_p,0,0,0
mp-17546_v_Cs,0,0,0
mp-17546_v_O,0,0,0
mp-17546_v_Ru,0,0,0
mp-17577_p,0,0,0
mp-17577_v_Ca,0,0,0
mp-17577_v_Mn,0,0,0
mp-17577_v_N,0,0,0
mp-17741_p,0,0,0
mp-17741_v_O,0,0,0
mp-17741_v_Re,0,0,0
mp-17741_v_Sm,0,0,0
mp-17756_p,0,0,0
mp-17756_v_Ag,0,0,0
mp-17756_v_Rb,0,0,0
mp-17756_v_S,0,0,0
mp-17756_v_Sb,0,0,0
mp-1776_p,0,0,0
mp-1776_v_N,0,0,0
mp-1776_v_U,0,0,0
mp-17786_p,0,0,0
mp-17786_v_Ba,0,0,0
mp-17786_v_Sm,0,0,0
mp-17786_v_Te,0,0,0
mp-17862_p,0,0,0
mp-17862_v_Ag,0,0,0
mp-17862_v_Ge,0,0,0
mp-17862_v_P,0,0,0
mp-17872_p,0,0,0
mp-17872_v_Ba,0,0,0
mp-17872_v_Te,0,0,0
mp-17872_v_Y,0,0,0
mp-17875_p,0,0,0
mp-17875_v_Ca,0,0,0
mp-17875_v_Ga,0,0,0
mp-17875_v_N,0,0,0
mp-17905_p,0,0,0
mp-17905_v_Cs,0,0,0
mp-17905_v_Hg,0,0,0
mp-17905_v_S,0,0,0
mp-17926_p,0,0,0
mp-17926_v_Ni,0,0,0
mp-17926_v_Sb,0,0,0
mp-17926_v_Zr,0,0,0
mp-17927_p,0,0,0
mp-17927_v_Ba,0,0,0
mp-17927_v_Dy,0,0,0
mp-17927_v_Te,0,0,0
mp-17928_p,0,0,0
mp-17928_v_Ba,0,0,0
mp-17928_v_Er,0,0,0
mp-17928_v_Te,0,0,0
mp-17947_p,0,0,0
mp-17947_v_Ba,0,0,0
mp-17947_v_Cu,0,0,0
mp-17947_v_Ge,0,0,0
mp-17947_v_S,0,0,0
mp-17998_p,0,0,0
mp-17998_v_Ca,0,0,0
mp-17998_v_O,0,0,0
mp-17998_v_Rh,0,0,0
mp-18010_p,0,0,0
mp-18010_v_Pd,0,0,0
mp-18010_v_Se,0,0,0
mp-18010_v_Ta,0,0,0
mp-18038_p,0,0,0
mp-18038_v_Ba,0,0,0
mp-18038_v_Fe,0,0,0
mp-18038_v_K,0,0,0
mp-18038_v_O,0,0,0
mp-18062_p,0,0,0
mp-18062_v_Na,0,0,0
mp-18062_v_Sn,0,0,0
mp-18062_v_Yb,0,0,0
mp-18196_p,0,0,0
mp-18196_v_Ba,0,0,0
mp-18196_v_Te,0,0,0
mp-18196_v_Tm,0,0,0
mp-181_p,0,0,0
mp-181_v_Ga,0,0,0
mp-181_v_K,0,0,0
mp-18440_p,0,0,0
mp-18440_v_As,0,0,0
mp-18440_v_Nb,0,0,0
mp-18440_v_Rb,0,0,0
mp-18500_p,0,0,0
mp-18500_v_Au,0,0,0
mp-18500_v_K,0,0,0
mp-18500_v_Sn,0,0,0
mp-1852_p,0,0,0
mp-1852_v_F,0,0,0
mp-1852_v_U,0,0,0
mp-18609_p,0,0,0
mp-18609_v_K,0,0,0
mp-18609_v_Se,0,0,0
mp-18691_p,0,0,0
mp-18691_v_Ni,0,0,0
mp-18691_v_Rb,0,0,0
mp-18691_v_Se,0,0,0
mp-18751_p,0,0,0
mp-18751_v_Mn,0,0,0
mp-18751_v_O,0,0,0
mp-18751_v_Zn,0,0,0
mp-18759_p,0,0,0
mp-18759_v_Mn,0,0,0
mp-18759_v_O,0,0,0
mp-18788_p,0,0,0
mp-18788_v_Co,0,0,0
mp-18788_v_Cr,0,0,0
mp-18788_v_O,0,0,0
mp-1883_p,0,0,0
mp-1883_v_Sn,0,0,0
mp-1883_v_Te,0,0,0
mp-18869_p,0,0,0
mp-18869_v_Mn,0,0,0
mp-18869_v_Na,0,0,0
mp-18869_v_O,0,0,0
mp-18889_p,0,0,0
mp-18889_v_Ag,0,0,0
mp-18889_v_O,0,0,0
mp-18889_v_V,0,0,0
mp-18924_p,0,0,0
mp-18924_v_Fe,0,0,0
mp-18924_v_O,0,0,0
mp-18924_v_Sr,0,0,0
mp-19087_p,0,0,0
mp-19087_v_Co,0,0,0
mp-19087_v_Na,0,0,0
mp-19087_v_O,0,0,0
mp-19087_v_Sb,0,0,0
mp-19104_p,0,0,0
mp-19104_v_Li,0,0,0
mp-19104_v_O,0,0,0
mp-19104_v_W,0,0,0
mp-19104_v_Yb,0,0,0
mp-19793_p,0,0,0
mp-19793_v_Fe,0,0,0
mp-19793_v_O,0,0,0
mp-19793_v_Yb,0,0,0
mp-19833_p,0,0,0
mp-19833_v_Ag,0,0,0
mp-19833_v_In,0,0,0
mp-19833_v_S,0,0,0
mp-19886_p,0,0,0
mp-19886_v_Pt,0,0,0
mp-19886_v_Sn,0,0,0
mp-19886_v_Th,0,0,0
mp-19_p,0,0,0
mp-19_v_Te,0,0,0
mp-200_p,0,0,0
mp-200_v_La,0,0,0
mp-200_v_P,0,0,0
mp-20157_p,0,0,0
mp-20157_v_Ba,0,0,0
mp-20157_v_Cu,0,0,0
mp-20157_v_Gd,0,0,0
mp-20157_v_Se,0,0,0
mp-20217_p,0,0,0
mp-20217_v_Eu,0,0,0
mp-20217_v_P,0,0,0
mp-20217_v_S,0,0,0
mp-20254_p,0,0,0
mp-20254_v_Na,0,0,0
mp-20254_v_O,0,0,0
mp-20254_v_Te,0,0,0
mp-20256_p,0,0,0
mp-20256_v_In,0,0,0
mp-20256_v_K,0,0,0
mp-20256_v_P,0,0,0
mp-20261_p,0,0,0
mp-20261_v_Ga,0,0,0
mp-20261_v_Mn,0,0,0
mp-20261_v_Se,0,0,0
mp-20273_p,0,0,0
mp-20273_v_Ca,0,0,0
mp-20273_v_O,0,0,0
mp-20273_v_Pb,0,0,0
mp-2030_p,0,0,0
mp-2030_v_Ru,0,0,0
mp-2030_v_S,0,0,0
mp-20331_p,0,0,0
mp-20331_v_Cu,0,0,0
mp-20331_v_Sb,0,0,0
mp-20331_v_Se,0,0,0
mp-20352_p,0,0,0
mp-20352_v_Ba,0,0,0
mp-20352_v_In,0,0,0
mp-20352_v_O,0,0,0
mp-20397_p,0,0,0
mp-20397_v_In,0,0,0
mp-20397_v_Sr,0,0,0
mp-20397_v_Te,0,0,0
mp-20420_p,0,0,0
mp-20420_v_Gd,0,0,0
mp-20420_v_K,0,0,0
mp-20420_v_Te,0,0,0
mp-20489_p,0,0,0
mp-20489_v_O,0,0,0
mp-20489_v_Pb,0,0,0
mp-20489_v_Sr,0,0,0
mp-20569_p,0,0,0
mp-20569_v_Mn,0,0,0
mp-20569_v_O,0,0,0
mp-20569_v_Sn,0,0,0
mp-2068_p,0,0,0
mp-2068_v_F,0,0,0
mp-2068_v_Rh,0,0,0
mp-2072_p,0,0,0
mp-2072_v_K,0,0,0
mp-2072_v_Te,0,0,0
mp-2074_p,0,0,0
mp-2074_v_Li,0,0,0
mp-2074_v_Sb,0,0,0
mp-20805_p,0,0,0
mp-20805_v_F,0,0,0
mp-20805_v_Pb,0,0,0
mp-20805_v_Pd,0,0,0
mp-20817_p,0,0,0
mp-20817_v_Ge,0,0,0
mp-20817_v_Pt,0,0,0
mp-20817_v_Se,0,0,0
mp-20902_p,0,0,0
mp-20902_v_Ag,0,0,0
mp-20902_v_In,0,0,0
mp-20902_v_P,0,0,0
mp-20902_v_Se,0,0,0
mp-2095_p,0,0,0
mp-2095_v_Rb,0,0,0
mp-2095_v_Te,0,0,0
mp-2097_p,0,0,0
mp-2097_v_O,0,0,0
mp-2097_v_Sn,0,0,0
mp-21183_p,0,0,0
mp-21183_v_Ba,0,0,0
mp-21183_v_In,0,0,0
mp-21183_v_Te,0,0,0
mp-21276_p,0,0,0
mp-21276_v_Pb,0,0,0
mp-21276_v_S,0,0,0
mp-2133_p,0,0,0
mp-2133_v_O,0,0,0
mp-2133_v_Zn,0,0,0
mp-2139_p,0,0,0
mp-2139_v_Ba,0,0,0
mp-2139_v_Ge,0,0,0
mp-2142_p,0,0,0
mp-2142_v_Os,0,0,0
mp-2142_v_Te,0,0,0
mp-21510_p,0,0,0
mp-21510_v_As,0,0,0
mp-21510_v_In,0,0,0
mp-21510_v_K,0,0,0
mp-21510_v_Na,0,0,0
mp-2160_p,0,0,0
mp-2160_v_Sb,0,0,0
mp-2160_v_Se,0,0,0
mp-21855_p,0,0,0
mp-21855_v_Cu,0,0,0
mp-21855_v_Se,0,0,0
mp-21855_v_V,0,0,0
mp-2201_p,0,0,0
mp-2201_v_Pb,0,0,0
mp-2201_v_Se,0,0,0
mp-22235_p,0,0,0
mp-22235_v_Cs,0,0,0
mp-22235_v_Mn,0,0,0
mp-22235_v_Sn,0,0,0
mp-22235_v_Te,0,0,0
mp-22265_p,0,0,0
mp-22265_v_Fe,0,0,0
mp-22265_v_O,0,0,0
mp-22265_v_Sb,0,0,0
mp-22329_p,0,0,0
mp-22329_v_Na,0,0,0
mp-22329_v_Nd,0,0,0
mp-22329_v_O,0,0,0
mp-22329_v_Os,0,0,0
mp-22391_p,0,0,0
mp-22391_v_O,0,0,0
mp-22391_v_Sr,0,0,0
mp-22391_v_V,0,0,0
mp-22408_p,0,0,0
mp-22408_v_Co,0,0,0
mp-22408_v_O,0,0,0
mp-2251_p,0,0,0
mp-2251_v_Li,0,0,0
mp-2251_v_N,0,0,0
mp-22526_p,0,0,0
mp-22526_v_Co,0,0,0
mp-22526_v_Li,0,0,0
mp-22526_v_O,0,0,0
mp-22563_p,0,0,0
mp-22563_v_Gd,0,0,0
mp-22563_v_Lu,0,0,0
mp-22563_v_S,0,0,0
mp-22647_p,0,0,0
mp-22647_v_Cr,0,0,0
mp-22647_v_O,0,0,0
mp-22647_v_Tm,0,0,0
mp-22791_p,0,0,0
mp-22791_v_In,0,0,0
mp-22791_v_Te,0,0,0
mp-22791_v_Tl,0,0,0
mp-22871_p,0,0,0
mp-22871_v_Cl,0,0,0
mp-22871_v_Zr,0,0,0
mp-22880_p,0,0,0
mp-22880_v_Br,0,0,0
mp-22880_v_Fe,0,0,0
mp-22945_p,0,0,0
mp-22945_v_Cl,0,0,0
mp-22945_v_Rh,0,0,0
mp-22945_v_Te,0,0,0
mp-22950_p,0,0,0
mp-22950_v_Cl,0,0,0
mp-22950_v_Cs,0,0,0
mp-22950_v_Ni,0,0,0
mp-22991_p,0,0,0
mp-22991_v_Cs,0,0,0
mp-22991_v_I,0,0,0
mp-22991_v_V,0,0,0
mp-23005_p,0,0,0
mp-23005_v_Bi,0,0,0
mp-23005_v_Pb,0,0,0
mp-23005_v_Te,0,0,0
mp-23032_p,0,0,0
mp-23032_v_Cl,0,0,0
mp-23032_v_Cs,0,0,0
mp-23032_v_Cu,0,0,0
mp-23038_p,0,0,0
mp-23038_v_Br,0,0,0
mp-23038_v_Cs,0,0,0
mp-23038_v_V,0,0,0
mp-23060_p,0,0,0
mp-23060_v_Cs,0,0,0
mp-23060_v_I,0,0,0
mp-23060_v_Pt,0,0,0
mp-23076_p,0,0,0
mp-23076_v_Cl,0,0,0
mp-23076_v_Co,0,0,0
mp-23076_v_Rb,0,0,0
mp-23108_p,0,0,0
mp-23108_v_Cl,0,0,0
mp-23108_v_Cs,0,0,0
mp-23108_v_Na,0,0,0
mp-23108_v_U,0,0,0
mp-23114_p,0,0,0
mp-23114_v_Br,0,0,0
mp-23114_v_Co,0,0,0
mp-23114_v_O,0,0,0
mp-23114_v_Sr,0,0,0
mp-23162_p,0,0,0
mp-23162_v_Cl,0,0,0
mp-23162_v_Zr,0,0,0
mp-23174_p,0,0,0
mp-23174_v_Cl,0,0,0
mp-23174_v_Re,0,0,0
mp-2319_p,0,0,0
mp-2319_v_Os,0,0,0
mp-2319_v_P,0,0,0
mp-23207_p,0,0,0
mp-23207_v_Cl,0,0,0
mp-23207_v_O,0,0,0
mp-23229_p,0,0,0
mp-23229_v_Cl,0,0,0
mp-23229_v_Fe,0,0,0
mp-23341_p,0,0,0
mp-23341_v_Bi,0,0,0
mp-23341_v_O,0,0,0
mp-23341_v_Pt,0,0,0
mp-23353_p,0,0,0
mp-23353_v_Cu,0,0,0
mp-23353_v_Hg,0,0,0
mp-23353_v_I,0,0,0
mp-23366_p,0,0,0
mp-23366_v_Br,0,0,0
mp-23366_v_Co,0,0,0
mp-23366_v_Rb,0,0,0
mp-23434_p,0,0,0
mp-23434_v_Al,0,0,0
mp-23434_v_Cl,0,0,0
mp-23434_v_Cu,0,0,0
mp-23472_p,0,0,0
mp-23472_v_Ag,0,0,0
mp-23472_v_Cl,0,0,0
mp-23472_v_Re,0,0,0
mp-23474_p,0,0,0
mp-23474_v_Ag,0,0,0
mp-23474_v_Bi,0,0,0
mp-23474_v_S,0,0,0
mp-23484_p,0,0,0
mp-23484_v_Au,0,0,0
mp-23484_v_Cl,0,0,0
mp-23484_v_Cs,0,0,0
mp-23486_p,0,0,0
mp-23486_v_Cl,0,0,0
mp-23486_v_Ni,0,0,0
mp-23486_v_Rb,0,0,0
mp-23488_p,0,0,0
mp-23488_v_I,0,0,0
mp-23488_v_Se,0,0,0
mp-23488_v_Tl,0,0,0
mp-23498_p,0,0,0
mp-23498_v_Br,0,0,0
mp-23498_v_Nb,0,0,0
mp-23498_v_Se,0,0,0
mp-23571_p,0,0,0
mp-23571_v_Ba,0,0,0
mp-23571_v_Bi,0,0,0
mp-23571_v_K,0,0,0
mp-23571_v_O,0,0,0
mp-24036_p,0,0,0
mp-24036_v_F,0,0,0
mp-24036_v_H,0,0,0
mp-24036_v_Mn,0,0,0
mp-24036_v_O,0,0,0
mp-24036_v_Rb,0,0,0
mp-24338_p,0,0,0
mp-24338_v_As,0,0,0
mp-24338_v_H,0,0,0
mp-24338_v_Sr,0,0,0
mp-2455_p,0,0,0
mp-2455_v_As,0,0,0
mp-2455_v_Os,0,0,0
mp-2480_p,0,0,0
mp-2480_v_Os,0,0,0
mp-2480_v_Se,0,0,0
mp-25305_p,0,0,0
mp-25305_v_O,0,0,0
mp-25305_v_S,0,0,0
mp-25305_v_Ti,0,0,0
mp-25305_v_Y,0,0,0
mp-25410_p,0,0,0
mp-25410_v_F,0,0,0
mp-25410_v_Li,0,0,0
mp-25410_v_Mn,0,0,0
mp-25410_v_O,0,0,0
mp-25410_v_P,0,0,0
mp-2691_p,0,0,0
mp-2691_v_Cd,0,0,0
mp-2691_v_Se,0,0,0
mp-27148_p,0,0,0
mp-27148_v_Be,0,0,0
mp-27148_v_P,0,0,0
mp-27199_p,0,0,0
mp-27199_v_Au,0,0,0
mp-27199_v_Br,0,0,0
mp-27199_v_Se,0,0,0
mp-27213_p,0,0,0
mp-27213_v_Au,0,0,0
mp-27213_v_Br,0,0,0
mp-27224_p,0,0,0
mp-27224_v_Co,0,0,0
mp-27224_v_Na,0,0,0
mp-27224_v_O,0,0,0
mp-27227_p,0,0,0
mp-27227_v_Ag,0,0,0
mp-27227_v_Li,0,0,0
mp-27227_v_O,0,0,0
mp-27253_p,0,0,0
mp-27253_v_Au,0,0,0
mp-27253_v_O,0,0,0
mp-27265_p,0,0,0
mp-27265_v_Au,0,0,0
mp-27265_v_Cl,0,0,0
mp-27265_v_O,0,0,0
mp-27300_p,0,0,0
mp-27300_v_Au,0,0,0
mp-27300_v_Br,0,0,0
mp-27300_v_Rb,0,0,0
mp-27301_p,0,0,0
mp-27301_v_Au,0,0,0
mp-27301_v_Cl,0,0,0
mp-27301_v_Rb,0,0,0
mp-27303_p,0,0,0
mp-27303_v_Ag,0,0,0
mp-27303_v_Na,0,0,0
mp-27303_v_O,0,0,0
mp-27333_p,0,0,0
mp-27333_v_Cl,0,0,0
mp-27333_v_Co,0,0,0
mp-27333_v_Tl,0,0,0
mp-27345_p,0,0,0
mp-27345_v_Bi,0,0,0
mp-27345_v_Na,0,0,0
mp-27345_v_O,0,0,0
mp-27366_p,0,0,0
mp-27366_v_Cl,0,0,0
mp-27366_v_K,0,0,0
mp-27366_v_Ni,0,0,0
mp-27484_p,0,0,0
mp-27484_v_O,0,0,0
mp-27484_v_Tl,0,0,0
mp-27517_p,0,0,0
mp-27517_v_Co,0,0,0
mp-27517_v_I,0,0,0
mp-27517_v_Rb,0,0,0
mp-27562_p,0,0,0
mp-27562_v_Na,0,0,0
mp-27562_v_O,0,0,0
mp-27562_v_Pd,0,0,0
mp-27569_p,0,0,0
mp-27569_v_Mn,0,0,0
mp-27569_v_Na,0,0,0
mp-27569_v_O,0,0,0
mp-27648_p,0,0,0
mp-27648_v_Br,0,0,0
mp-27648_v_Te,0,0,0
mp-27655_p,0,0,0
mp-27655_v_I,0,0,0
mp-27655_v_Te,0,0,0
mp-27678_p,0,0,0
mp-27678_v_Cl,0,0,0
mp-27678_v_Y,0,0,0
mp-27747_p,0,0,0
mp-27747_v_I,0,0,0
mp-27747_v_Pd,0,0,0
mp-27809_p,0,0,0
mp-27809_v_Ba,0,0,0
mp-27809_v_Ge,0,0,0
mp-27809_v_P,0,0,0
mp-27849_p,0,0,0
mp-27849_v_Br,0,0,0
mp-27849_v_N,0,0,0
mp-27849_v_Ti,0,0,0
mp-27850_p,0,0,0
mp-27850_v_Cl,0,0,0
mp-27850_v_N,0,0,0
mp-27850_v_Ti,0,0,0
mp-27857_p,0,0,0
mp-27857_v_Br,0,0,0
mp-27857_v_Pd,0,0,0
mp-27887_p,0,0,0
mp-27887_v_Ba,0,0,0
mp-27887_v_P,0,0,0
mp-27887_v_Si,0,0,0
mp-27891_p,0,0,0
mp-27891_v_Bi,0,0,0
mp-27891_v_O,0,0,0
mp-27891_v_S,0,0,0
mp-27904_p,0,0,0
mp-27904_v_Fe,0,0,0
mp-27904_v_S,0,0,0
mp-27904_v_Sb,0,0,0
mp-27910_p,0,0,0
mp-27910_v_Bi,0,0,0
mp-27910_v_S,0,0,0
mp-27910_v_Te,0,0,0
mp-27999_p,0,0,0
mp-27999_v_Cu,0,0,0
mp-27999_v_K,0,0,0
mp-27999_v_Sb,0,0,0
mp-28011_p,0,0,0
mp-28011_v_S,0,0,0
mp-28011_v_Sn,0,0,0
mp-28011_v_Tl,0,0,0
mp-28038_p,0,0,0
mp-28038_v_Br,0,0,0
mp-28038_v_Nb,0,0,0
mp-28038_v_Te,0,0,0
mp-2804_p,0,0,0
mp-2804_v_La,0,0,0
mp-2804_v_P,0,0,0
mp-28079_p,0,0,0
mp-28079_v_Mn,0,0,0
mp-28079_v_Na,0,0,0
mp-28079_v_S,0,0,0
mp-28080_p,0,0,0
mp-28080_v_K,0,0,0
mp-28080_v_Sn,0,0,0
mp-28080_v_Te,0,0,0
mp-28084_p,0,0,0
mp-28084_v_Br,0,0,0
mp-28084_v_Pd,0,0,0
mp-28084_v_Rb,0,0,0
mp-28110_p,0,0,0
mp-28110_v_I,0,0,0
mp-28110_v_Pt,0,0,0
mp-28110_v_Rb,0,0,0
mp-28136_p,0,0,0
mp-28136_v_Hg,0,0,0
mp-28136_v_I,0,0,0
mp-28136_v_O,0,0,0
mp-28166_p,0,0,0
mp-28166_v_Br,0,0,0
mp-28166_v_K,0,0,0
mp-28166_v_O,0,0,0
mp-28167_p,0,0,0
mp-28167_v_Br,0,0,0
mp-28167_v_Co,0,0,0
mp-28167_v_Th,0,0,0
mp-28247_p,0,0,0
mp-28247_v_I,0,0,0
mp-28247_v_K,0,0,0
mp-28247_v_Pt,0,0,0
mp-28256_p,0,0,0
mp-28256_v_Se,0,0,0
mp-28256_v_V,0,0,0
mp-28302_p,0,0,0
mp-28302_v_Cd,0,0,0
mp-28302_v_K,0,0,0
mp-28302_v_P,0,0,0
mp-28324_p,0,0,0
mp-28324_v_In,0,0,0
mp-28324_v_P,0,0,0
mp-28324_v_Sr,0,0,0
mp-2833_p,0,0,0
mp-2833_v_Ir,0,0,0
mp-2833_v_S,0,0,0
mp-28375_p,0,0,0
mp-28375_v_Ag,0,0,0
mp-28375_v_F,0,0,0
mp-28375_v_Ta,0,0,0
mp-28431_p,0,0,0
mp-28431_v_F,0,0,0
mp-28431_v_I,0,0,0
mp-28431_v_Sb,0,0,0
mp-28453_p,0,0,0
mp-28453_v_Au,0,0,0
mp-28453_v_Cs,0,0,0
mp-28453_v_I,0,0,0
mp-28479_p,0,0,0
mp-28479_v_C,0,0,0
mp-28479_v_Cl,0,0,0
mp-28479_v_Sc,0,0,0
mp-28486_p,0,0,0
mp-28486_v_Cs,0,0,0
mp-28486_v_Ni,0,0,0
mp-28486_v_S,0,0,0
mp-28520_p,0,0,0
mp-28520_v_Rb,0,0,0
mp-28520_v_Sn,0,0,0
mp-28520_v_Te,0,0,0
mp-28546_p,0,0,0
mp-28546_v_Cl,0,0,0
mp-28546_v_Eu,0,0,0
mp-28546_v_O,0,0,0
mp-28575_p,0,0,0
mp-28575_v_Cl,0,0,0
mp-28575_v_S,0,0,0
mp-28575_v_W,0,0,0
mp-28691_p,0,0,0
mp-28691_v_I,0,0,0
mp-28691_v_Ta,0,0,0
mp-28691_v_Te,0,0,0
mp-28696_p,0,0,0
mp-28696_v_Fe,0,0,0
mp-28696_v_K,0,0,0
mp-28696_v_O,0,0,0
mp-28744_p,0,0,0
mp-28744_v_Br,0,0,0
mp-28744_v_Os,0,0,0
mp-28744_v_Y,0,0,0
mp-28800_p,0,0,0
mp-28800_v_Bi,0,0,0
mp-28800_v_K,0,0,0
mp-28800_v_Se,0,0,0
mp-28890_p,0,0,0
mp-28890_v_Co,0,0,0
mp-28890_v_K,0,0,0
mp-28890_v_O,0,0,0
mp-28900_p,0,0,0
mp-28900_v_As,0,0,0
mp-28900_v_Br,0,0,0
mp-28900_v_Cd,0,0,0
mp-28920_p,0,0,0
mp-28920_v_Cl,0,0,0
mp-28920_v_Se,0,0,0
mp-28920_v_Tl,0,0,0
mp-28921_p,0,0,0
mp-28921_v_Br,0,0,0
mp-28921_v_Se,0,0,0
mp-28921_v_Tl,0,0,0
mp-28931_p,0,0,0
mp-28931_v_Ga,0,0,0
mp-28931_v_O,0,0,0
mp-28931_v_Te,0,0,0
mp-28938_p,0,0,0
mp-28938_v_Cl,0,0,0
mp-28938_v_Nb,0,0,0
mp-28938_v_Te,0,0,0
mp-28943_p,0,0,0
mp-28943_v_B,0,0,0
mp-28943_v_Mn,0,0,0
mp-28943_v_O,0,0,0
mp-28967_p,0,0,0
mp-28967_v_Ba,0,0,0
mp-28967_v_Pd,0,0,0
mp-28967_v_S,0,0,0
mp-28987_p,0,0,0
mp-28987_v_Na,0,0,0
mp-28987_v_Pt,0,0,0
mp-28987_v_Se,0,0,0
mp-29019_p,0,0,0
mp-29019_v_I,0,0,0
mp-29019_v_O,0,0,0
mp-29019_v_Rb,0,0,0
mp-29027_p,0,0,0
mp-29027_v_I,0,0,0
mp-29027_v_O,0,0,0
mp-29027_v_Ta,0,0,0
mp-29057_p,0,0,0
mp-29057_v_Br,0,0,0
mp-29057_v_Nb,0,0,0
mp-29057_v_S,0,0,0
mp-29138_p,0,0,0
mp-29138_v_Au,0,0,0
mp-29138_v_K,0,0,0
mp-29138_v_Se,0,0,0
mp-29139_p,0,0,0
mp-29139_v_Au,0,0,0
mp-29139_v_Na,0,0,0
mp-29139_v_Se,0,0,0
mp-29157_p,0,0,0
mp-29157_v_P,0,0,0
mp-29157_v_Pt,0,0,0
mp-29157_v_Si,0,0,0
mp-29190_p,0,0,0
mp-29190_v_Br,0,0,0
mp-29190_v_Mo,0,0,0
mp-29190_v_Te,0,0,0
mp-29238_p,0,0,0
mp-29238_v_Ag,0,0,0
mp-29238_v_Se,0,0,0
mp-29238_v_Tl,0,0,0
mp-29241_p,0,0,0
mp-29241_v_Ca,0,0,0
mp-29241_v_O,0,0,0
mp-29241_v_Sn,0,0,0
mp-29259_p,0,0,0
mp-29259_v_Bi,0,0,0
mp-29259_v_O,0,0,0
mp-29259_v_Pd,0,0,0
mp-29287_p,0,0,0
mp-29287_v_Br,0,0,0
mp-29287_v_Co,0,0,0
mp-29287_v_Cs,0,0,0
mp-29300_p,0,0,0
mp-29300_v_Cl,0,0,0
mp-29300_v_Cu,0,0,0
mp-29300_v_Ga,0,0,0
mp-29314_p,0,0,0
mp-29314_v_Br,0,0,0
mp-29314_v_Rb,0,0,0
mp-29314_v_V,0,0,0
mp-29396_p,0,0,0
mp-29396_v_Cu,0,0,0
mp-29396_v_O,0,0,0
mp-29396_v_Pb,0,0,0
mp-29458_p,0,0,0
mp-29458_v_Cl,0,0,0
mp-29458_v_Mo,0,0,0
mp-29458_v_Rb,0,0,0
mp-29484_p,0,0,0
mp-29484_v_As,0,0,0
mp-29484_v_Hg,0,0,0
mp-29484_v_K,0,0,0
mp-29520_p,0,0,0
mp-29520_v_Au,0,0,0
mp-29520_v_I,0,0,0
mp-29520_v_Li,0,0,0
mp-29529_p,0,0,0
mp-29529_v_Na,0,0,0
mp-29529_v_P,0,0,0
mp-29529_v_Sn,0,0,0
mp-29567_p,0,0,0
mp-29567_v_Br,0,0,0
mp-29567_v_Cu,0,0,0
mp-29567_v_Se,0,0,0
mp-2956_p,0,0,0
mp-2956_v_Co,0,0,0
mp-2956_v_Ge,0,0,0
mp-2956_v_S,0,0,0
mp-29584_p,0,0,0
mp-29584_v_As,0,0,0
mp-29584_v_Be,0,0,0
mp-29584_v_K,0,0,0
mp-29585_p,0,0,0
mp-29585_v_As,0,0,0
mp-29585_v_Cd,0,0,0
mp-29585_v_K,0,0,0
mp-29666_p,0,0,0
mp-29666_v_Bi,0,0,0
mp-29666_v_Se,0,0,0
mp-29666_v_Te,0,0,0
mp-29689_p,0,0,0
mp-29689_v_I,0,0,0
mp-29689_v_Nb,0,0,0
mp-29689_v_Te,0,0,0
mp-29694_p,0,0,0
mp-29694_v_Au,0,0,0
mp-29694_v_Br,0,0,0
mp-29694_v_K,0,0,0
mp-29711_p,0,0,0
mp-29711_v_Te,0,0,0
mp-29711_v_Tl,0,0,0
mp-29835_p,0,0,0
mp-29835_v_K,0,0,0
mp-29835_v_Sn,0,0,0
mp-29835_v_Te,0,0,0
mp-29849_p,0,0,0
mp-29849_v_Ag,0,0,0
mp-29849_v_P,0,0,0
mp-29849_v_Sn,0,0,0
mp-29878_p,0,0,0
mp-29878_v_Cl,0,0,0
mp-29878_v_P,0,0,0
mp-29878_v_Re,0,0,0
mp-29892_p,0,0,0
mp-29892_v_Li,0,0,0
mp-29892_v_O,0,0,0
mp-29892_v_Sb,0,0,0
mp-29920_p,0,0,0
mp-29920_v_Au,0,0,0
mp-29920_v_O,0,0,0
mp-29920_v_Rb,0,0,0
mp-30252_p,0,0,0
mp-30252_v_Ca,0,0,0
mp-30252_v_Na,0,0,0
mp-30252_v_Sn,0,0,0
mp-30253_p,0,0,0
mp-30253_v_Na,0,0,0
mp-30253_v_Sn,0,0,0
mp-30253_v_Sr,0,0,0
mp-30303_p,0,0,0
mp-30303_v_Bi,0,0,0
mp-30303_v_O,0,0,0
mp-30315_p,0,0,0
mp-30315_v_B,0,0,0
mp-30315_v_Ca,0,0,0
mp-30315_v_N,0,0,0
mp-30373_p,0,0,0
mp-30373_v_Au,0,0,0
mp-30373_v_Rb,0,0,0
mp-30456_p,0,0,0
mp-30456_v_Bi,0,0,0
mp-30456_v_Li,0,0,0
mp-30456_v_Sr,0,0,0
mp-3056_p,0,0,0
mp-3056_v_Na,0,0,0
mp-3056_v_O,0,0,0
mp-3056_v_Tl,0,0,0
mp-3078_p,0,0,0
mp-3078_v_As,0,0,0
mp-3078_v_Cd,0,0,0
mp-3078_v_Si,0,0,0
mp-30847_p,0,0,0
mp-30847_v_Pt,0,0,0
mp-30847_v_Sn,0,0,0
mp-30847_v_Ti,0,0,0
mp-30890_p,0,0,0
mp-30890_v_Hg,0,0,0
mp-30890_v_O,0,0,0
mp-30890_v_S,0,0,0
mp-30949_p,0,0,0
mp-30949_v_O,0,0,0
mp-30949_v_Si,0,0,0
mp-30949_v_Sr,0,0,0
mp-30950_p,0,0,0
mp-30950_v_Ge,0,0,0
mp-30950_v_O,0,0,0
mp-30950_v_Sr,0,0,0
mp-30971_p,0,0,0
mp-30971_v_Cl,0,0,0
mp-30971_v_Cu,0,0,0
mp-30971_v_Te,0,0,0
mp-31036_p,0,0,0
mp-31036_v_Br,0,0,0
mp-31036_v_Cu,0,0,0
mp-31036_v_Te,0,0,0
mp-31037_p,0,0,0
mp-31037_v_Cu,0,0,0
mp-31037_v_I,0,0,0
mp-31037_v_Te,0,0,0
mp-31038_p,0,0,0
mp-31038_v_Cl,0,0,0
mp-31038_v_Cu,0,0,0
mp-31038_v_Se,0,0,0
mp-31045_p,0,0,0
mp-31045_v_Au,0,0,0
mp-31045_v_I,0,0,0
mp-31045_v_K,0,0,0
mp-31126_p,0,0,0
mp-31126_v_Co,0,0,0
mp-31126_v_Na,0,0,0
mp-31126_v_O,0,0,0
mp-31149_p,0,0,0
mp-31149_v_Bi,0,0,0
mp-31149_v_Ca,0,0,0
mp-31149_v_N,0,0,0
mp-3123_p,0,0,0
mp-3123_v_P,0,0,0
mp-3123_v_Pd,0,0,0
mp-3123_v_Se,0,0,0
mp-31454_p,0,0,0
mp-31454_v_Ru,0,0,0
mp-31454_v_Sb,0,0,0
mp-31454_v_Ta,0,0,0
mp-31493_p,0,0,0
mp-31493_v_Ga,0,0,0
mp-31493_v_Rb,0,0,0
mp-3167_p,0,0,0
mp-3167_v_Ge,0,0,0
mp-3167_v_Hg,0,0,0
mp-3167_v_Se,0,0,0
mp-3188_p,0,0,0
mp-3188_v_O,0,0,0
mp-3188_v_Sb,0,0,0
mp-3188_v_Zn,0,0,0
mp-3237_p,0,0,0
mp-3237_v_Cu,0,0,0
mp-3237_v_F,0,0,0
mp-3237_v_Na,0,0,0
mp-3317_p,0,0,0
mp-3317_v_O,0,0,0
mp-3317_v_Rh,0,0,0
mp-3317_v_Sm,0,0,0
mp-3332_p,0,0,0
mp-3332_v_Cr,0,0,0
mp-3332_v_Na,0,0,0
mp-3332_v_Se,0,0,0
mp-34292_p,0,0,0
mp-34292_v_Sb,0,0,0
mp-34292_v_Te,0,0,0
mp-34292_v_Tl,0,0,0
mp-34361_p,0,0,0
mp-34361_v_Bi,0,0,0
mp-34361_v_Te,0,0,0
mp-34361_v_Tl,0,0,0
mp-35152_p,0,0,0
mp-35152_v_H,0,0,0
mp-35152_v_Rh,0,0,0
mp-35152_v_Sr,0,0,0
mp-35162_p,0,0,0
mp-35162_v_In,0,0,0
mp-35162_v_Mn,0,0,0
mp-35162_v_O,0,0,0
mp-35647_p,0,0,0
mp-35647_v_O,0,0,0
mp-35647_v_Pt,0,0,0
mp-35647_v_Zn,0,0,0
mp-3595_p,0,0,0
mp-3595_v_As,0,0,0
mp-3595_v_Si,0,0,0
mp-3595_v_Zn,0,0,0
mp-361_p,0,0,0
mp-361_v_Cu,0,0,0
mp-361_v_O,0,0,0
mp-3668_p,0,0,0
mp-3668_v_Cd,0,0,0
mp-3668_v_Ge,0,0,0
mp-3668_v_P,0,0,0
mp-36884_p,0,0,0
mp-36884_v_Mn,0,0,0
mp-36884_v_O,0,0,0
mp-36884_v_Sn,0,0,0
mp-3739_p,0,0,0
mp-3739_v_Cu,0,0,0
mp-3739_v_Nd,0,0,0
mp-3739_v_Se,0,0,0
mp-3785_p,0,0,0
mp-3785_v_Ga,0,0,0
mp-3785_v_Te,0,0,0
mp-3785_v_Tl,0,0,0
mp-3810_p,0,0,0
mp-3810_v_As,0,0,0
mp-3810_v_Hg,0,0,0
mp-3810_v_O,0,0,0
mp-3839_p,0,0,0
mp-3839_v_Cu,0,0,0
mp-3839_v_Ga,0,0,0
mp-3839_v_Te,0,0,0
mp-384_p,0,0,0
mp-384_v_Mg,0,0,0
mp-384_v_P,0,0,0
mp-3879_p,0,0,0
mp-3879_v_Ba,0,0,0
mp-3879_v_Cu,0,0,0
mp-3879_v_F,0,0,0
mp-3927_p,0,0,0
mp-3927_v_As,0,0,0
mp-3927_v_Au,0,0,0
mp-3927_v_Ca,0,0,0
mp-3982_p,0,0,0
mp-3982_v_Cu,0,0,0
mp-3982_v_K,0,0,0
mp-3982_v_O,0,0,0
mp-4008_p,0,0,0
mp-4008_v_As,0,0,0
mp-4008_v_Ge,0,0,0
mp-4008_v_Zn,0,0,0
mp-4175_p,0,0,0
mp-4175_v_P,0,0,0
mp-4175_v_Sn,0,0,0
mp-4175_v_Zn,0,0,0
mp-4192_p,0,0,0
mp-4192_v_As,0,0,0
mp-4192_v_Ca,0,0,0
mp-4192_v_N,0,0,0
mp-4226_p,0,0,0
mp-4226_v_Cr,0,0,0
mp-4226_v_Li,0,0,0
mp-4226_v_S,0,0,0
mp-438_p,0,0,0
mp-438_v_Nd,0,0,0
mp-438_v_S,0,0,0
mp-4425_p,0,0,0
mp-4425_v_Pt,0,0,0
mp-4425_v_Se,0,0,0
mp-4425_v_Ta,0,0,0
mp-4468_p,0,0,0
mp-4468_v_Cu,0,0,0
mp-4468_v_S,0,0,0
mp-4468_v_Sb,0,0,0
mp-4582_p,0,0,0
mp-4582_v_Nd,0,0,0
mp-4582_v_O,0,0,0
mp-4582_v_Rh,0,0,0
mp-4730_p,0,0,0
mp-4730_v_Ga,0,0,0
mp-4730_v_Hg,0,0,0
mp-4730_v_Se,0,0,0
mp-4789_p,0,0,0
mp-4789_v_O,0,0,0
mp-4789_v_Pr,0,0,0
mp-4789_v_Rh,0,0,0
mp-4824_p,0,0,0
mp-4824_v_Na,0,0,0
mp-4824_v_P,0,0,0
mp-4824_v_Zn,0,0,0
mp-484_p,0,0,0
mp-484_v_As,0,0,0
mp-484_v_Te,0,0,0
mp-4887_p,0,0,0
mp-4887_v_Ba,0,0,0
mp-4887_v_Ce,0,0,0
mp-4887_v_N,0,0,0
mp-504423_p,0,0,0
mp-504423_v_Co,0,0,0
mp-504423_v_Mn,0,0,0
mp-504423_v_O,0,0,0
mp-504576_p,0,0,0
mp-504576_v_F,0,0,0
mp-504576_v_O,0,0,0
mp-504576_v_Os,0,0,0
mp-504636_p,0,0,0
mp-504636_v_K,0,0,0
mp-504636_v_Mn,0,0,0
mp-504636_v_O,0,0,0
mp-504699_p,0,0,0
mp-504699_v_Ba,0,0,0
mp-504699_v_Fe,0,0,0
mp-504699_v_O,0,0,0
mp-504699_v_U,0,0,0
mp-504811_p,0,0,0
mp-504811_v_O,0,0,0
mp-504811_v_Pb,0,0,0
mp-504811_v_Rb,0,0,0
mp-505209_p,0,0,0
mp-505209_v_Mn,0,0,0
mp-505209_v_O,0,0,0
mp-505209_v_Rb,0,0,0
mp-505297_p,0,0,0
mp-505297_v_Nb,0,0,0
mp-505297_v_Ru,0,0,0
mp-505297_v_Sb,0,0,0
mp-505300_p,0,0,0
mp-505300_v_Cs,0,0,0
mp-505300_v_Mn,0,0,0
mp-505300_v_O,0,0,0
mp-505431_p,0,0,0
mp-505431_v_As,0,0,0
mp-505431_v_In,0,0,0
mp-505431_v_K,0,0,0
mp-505431_v_Li,0,0,0
mp-505634_p,0,0,0
mp-505634_v_Cs,0,0,0
mp-505634_v_Te,0,0,0
mp-505791_p,0,0,0
mp-505791_v_Br,0,0,0
mp-505791_v_H,0,0,0
mp-505791_v_N,0,0,0
mp-505791_v_Re,0,0,0
mp-510075_p,0,0,0
mp-510075_v_Au,0,0,0
mp-510075_v_Cs,0,0,0
mp-510075_v_O,0,0,0
mp-510076_p,0,0,0
mp-510076_v_Au,0,0,0
mp-510076_v_O,0,0,0
mp-510076_v_Rb,0,0,0
mp-510281_p,0,0,0
mp-510281_v_Cu,0,0,0
mp-510281_v_Fe,0,0,0
mp-510281_v_O,0,0,0
mp-510528_p,0,0,0
mp-510528_v_Cu,0,0,0
mp-510528_v_Gd,0,0,0
mp-510528_v_Se,0,0,0
mp-510569_p,0,0,0
mp-510569_v_Ce,0,0,0
mp-510569_v_Cs,0,0,0
mp-510569_v_Cu,0,0,0
mp-510569_v_S,0,0,0
mp-5163_p,0,0,0
mp-5163_v_La,0,0,0
mp-5163_v_O,0,0,0
mp-5163_v_Rh,0,0,0
mp-5213_p,0,0,0
mp-5213_v_Cd,0,0,0
mp-5213_v_P,0,0,0
mp-5213_v_Sn,0,0,0
mp-5238_p,0,0,0
mp-5238_v_Cu,0,0,0
mp-5238_v_Ga,0,0,0
mp-5238_v_S,0,0,0
mp-5342_p,0,0,0
mp-5342_v_Ag,0,0,0
mp-5342_v_Ga,0,0,0
mp-5342_v_S,0,0,0
mp-540204_p,0,0,0
mp-540204_v_Co,0,0,0
mp-540204_v_O,0,0,0
mp-540204_v_P,0,0,0
mp-540924_p,0,0,0
mp-540924_v_I,0,0,0
mp-540924_v_Nb,0,0,0
mp-540924_v_Te,0,0,0
mp-541055_p,0,0,0
mp-541055_v_Cs,0,0,0
mp-541055_v_Se,0,0,0
mp-541106_p,0,0,0
mp-541106_v_Nb,0,0,0
mp-541106_v_Se,0,0,0
mp-541134_p,0,0,0
mp-541134_v_Au,0,0,0
mp-541134_v_Br,0,0,0
mp-541134_v_Te,0,0,0
mp-541155_p,0,0,0
mp-541155_v_S,0,0,0
mp-541155_v_V,0,0,0
mp-541175_p,0,0,0
mp-541175_v_Co,0,0,0
mp-541175_v_I,0,0,0
mp-541175_v_Sc,0,0,0
mp-541312_p,0,0,0
mp-541312_v_As,0,0,0
mp-541312_v_Ge,0,0,0
mp-541312_v_Te,0,0,0
mp-541487_p,0,0,0
mp-541487_v_Pt,0,0,0
mp-541487_v_Se,0,0,0
mp-541487_v_Tl,0,0,0
mp-541656_p,0,0,0
mp-541656_v_Au,0,0,0
mp-541656_v_Cl,0,0,0
mp-541707_p,0,0,0
mp-541707_v_Al,0,0,0
mp-541707_v_K,0,0,0
mp-541707_v_Na,0,0,0
mp-541707_v_Sb,0,0,0
mp-541715_p,0,0,0
mp-541715_v_Ba,0,0,0
mp-541715_v_Ga,0,0,0
mp-541715_v_P,0,0,0
mp-541772_p,0,0,0
mp-541772_v_Bi,0,0,0
mp-541772_v_Br,0,0,0
mp-541772_v_Ru,0,0,0
mp-541811_p,0,0,0
mp-541811_v_Cs,0,0,0
mp-541811_v_Ga,0,0,0
mp-541811_v_K,0,0,0
mp-541811_v_Sb,0,0,0
mp-541817_p,0,0,0
mp-541817_v_I,0,0,0
mp-541817_v_Nb,0,0,0
mp-541817_v_Se,0,0,0
mp-541837_p,0,0,0
mp-541837_v_Bi,0,0,0
mp-541837_v_Se,0,0,0
mp-542332_p,0,0,0
mp-542332_v_C,0,0,0
mp-542332_v_Cu,0,0,0
mp-542332_v_K,0,0,0
mp-542332_v_O,0,0,0
mp-542374_p,0,0,0
mp-542374_v_K,0,0,0
mp-542374_v_Sn,0,0,0
mp-542397_p,0,0,0
mp-542397_v_Lu,0,0,0
mp-542397_v_Mn,0,0,0
mp-542397_v_O,0,0,0
mp-542697_p,0,0,0
mp-542697_v_O,0,0,0
mp-542697_v_Rb,0,0,0
mp-542697_v_Ru,0,0,0
mp-543024_p,0,0,0
mp-543024_v_Br,0,0,0
mp-543024_v_Cs,0,0,0
mp-543024_v_I,0,0,0
mp-543024_v_Pd,0,0,0
mp-545506_p,0,0,0
mp-545506_v_Gd,0,0,0
mp-545506_v_O,0,0,0
mp-545506_v_P,0,0,0
mp-545506_v_Zn,0,0,0
mp-546285_p,0,0,0
mp-546285_v_I,0,0,0
mp-546285_v_Nb,0,0,0
mp-546285_v_O,0,0,0
mp-546936_p,0,0,0
mp-546936_v_Co,0,0,0
mp-546936_v_O,0,0,0
mp-546936_v_Rh,0,0,0
mp-549589_p,0,0,0
mp-549589_v_As,0,0,0
mp-549589_v_La,0,0,0
mp-549589_v_O,0,0,0
mp-549589_v_Zn,0,0,0
mp-549711_p,0,0,0
mp-549711_v_Ca,0,0,0
mp-549711_v_Cl,0,0,0
mp-549711_v_Fe,0,0,0
mp-549711_v_O,0,0,0
mp-549720_p,0,0,0
mp-549720_v_I,0,0,0
mp-549720_v_Nb,0,0,0
mp-549720_v_O,0,0,0
mp-550070_p,0,0,0
mp-550070_v_Br,0,0,0
mp-550070_v_Nb,0,0,0
mp-550070_v_O,0,0,0
mp-550514_p,0,0,0
mp-550514_v_La,0,0,0
mp-550514_v_N,0,0,0
mp-550514_v_O,0,0,0
mp-550514_v_Ta,0,0,0
mp-551873_p,0,0,0
mp-551873_v_Bi,0,0,0
mp-551873_v_Ca,0,0,0
mp-551873_v_O,0,0,0
mp-5518_p,0,0,0
mp-5518_v_Ag,0,0,0
mp-5518_v_Ga,0,0,0
mp-5518_v_Se,0,0,0
mp-552028_p,0,0,0
mp-552028_v_Nd,0,0,0
mp-552028_v_O,0,0,0
mp-552028_v_S,0,0,0
mp-552028_v_Ti,0,0,0
mp-552963_p,0,0,0
mp-552963_v_O,0,0,0
mp-552963_v_Pr,0,0,0
mp-552963_v_S,0,0,0
mp-552963_v_Ti,0,0,0
mp-553310_p,0,0,0
mp-553310_v_Cs,0,0,0
mp-553310_v_Cu,0,0,0
mp-553310_v_O,0,0,0
mp-553960_p,0,0,0
mp-553960_v_Fe,0,0,0
mp-553960_v_K,0,0,0
mp-553960_v_O,0,0,0
mp-554310_p,0,0,0
mp-554310_v_Bi,0,0,0
mp-554310_v_S,0,0,0
mp-554310_v_Tl,0,0,0
mp-554497_p,0,0,0
mp-554497_v_Cu,0,0,0
mp-554497_v_F,0,0,0
mp-554497_v_Sb,0,0,0
mp-554497_v_Xe,0,0,0
mp-555322_p,0,0,0
mp-555322_v_Cl,0,0,0
mp-555322_v_Eu,0,0,0
mp-555322_v_O,0,0,0
mp-555322_v_Si,0,0,0
mp-555929_p,0,0,0
mp-555929_v_Mn,0,0,0
mp-555929_v_Mo,0,0,0
mp-555929_v_O,0,0,0
mp-555929_v_Sr,0,0,0
mp-556516_p,0,0,0
mp-556516_v_S,0,0,0
mp-556516_v_Tl,0,0,0
mp-556560_p,0,0,0
mp-556560_v_F,0,0,0
mp-556560_v_Mn,0,0,0
mp-556834_p,0,0,0
mp-556834_v_Cl,0,0,0
mp-556834_v_F,0,0,0
mp-556834_v_O,0,0,0
mp-556834_v_Ru,0,0,0
mp-557135_p,0,0,0
mp-557135_v_Ag,0,0,0
mp-557135_v_O,0,0,0
mp-557135_v_Se,0,0,0
mp-557135_v_V,0,0,0
mp-557225_p,0,0,0
mp-557225_v_Cu,0,0,0
mp-557225_v_Ge,0,0,0
mp-557225_v_S,0,0,0
mp-557225_v_W,0,0,0
mp-557618_p,0,0,0
mp-557618_v_Cu,0,0,0
mp-557618_v_O,0,0,0
mp-557618_v_Rb,0,0,0
mp-557618_v_Si,0,0,0
mp-558063_p,0,0,0
mp-558063_v_Bi,0,0,0
mp-558063_v_Cu,0,0,0
mp-558063_v_K,0,0,0
mp-558063_v_S,0,0,0
mp-558130_p,0,0,0
mp-558130_v_Bi,0,0,0
mp-558130_v_Cl,0,0,0
mp-558130_v_Mn,0,0,0
mp-558130_v_S,0,0,0
mp-558188_p,0,0,0
mp-558188_v_Ag,0,0,0
mp-558188_v_As,0,0,0
mp-558188_v_Hg,0,0,0
mp-558188_v_O,0,0,0
mp-558244_p,0,0,0
mp-558244_v_As,0,0,0
mp-558244_v_F,0,0,0
mp-558244_v_I,0,0,0
mp-558663_p,0,0,0
mp-558663_v_Ca,0,0,0
mp-558663_v_Cl,0,0,0
mp-558663_v_Cu,0,0,0
mp-558663_v_O,0,0,0
mp-558663_v_Te,0,0,0
mp-558731_p,0,0,0
mp-558731_v_Li,0,0,0
mp-558731_v_S,0,0,0
mp-558731_v_Te,0,0,0
mp-559031_p,0,0,0
mp-559031_v_Br,0,0,0
mp-559031_v_Eu,0,0,0
mp-559031_v_O,0,0,0
mp-559126_p,0,0,0
mp-559126_v_Cu,0,0,0
mp-559126_v_F,0,0,0
mp-559126_v_Na,0,0,0
mp-559126_v_Zr,0,0,0
mp-559824_p,0,0,0
mp-559824_v_Au,0,0,0
mp-559824_v_O,0,0,0
mp-559824_v_Se,0,0,0
mp-560046_p,0,0,0
mp-560046_v_Pt,0,0,0
mp-560046_v_S,0,0,0
mp-560046_v_Ta,0,0,0
mp-560341_p,0,0,0
mp-560341_v_Eu,0,0,0
mp-560341_v_N,0,0,0
mp-560341_v_O,0,0,0
mp-560341_v_Si,0,0,0
mp-560515_p,0,0,0
mp-560515_v_Cl,0,0,0
mp-560515_v_K,0,0,0
mp-560515_v_O,0,0,0
mp-560515_v_Ru,0,0,0
mp-560553_p,0,0,0
mp-560553_v_F,0,0,0
mp-560553_v_Ir,0,0,0
mp-560675_p,0,0,0
mp-560675_v_Cu,0,0,0
mp-560675_v_K,0,0,0
mp-560675_v_O,0,0,0
mp-560675_v_Si,0,0,0
mp-561495_p,0,0,0
mp-561495_v_Cs,0,0,0
mp-561495_v_Cu,0,0,0
mp-561495_v_O,0,0,0
mp-561495_v_Si,0,0,0
mp-561511_p,0,0,0
mp-561511_v_As,0,0,0
mp-561511_v_Fe,0,0,0
mp-561511_v_S,0,0,0
mp-561682_p,0,0,0
mp-561682_v_Cs,0,0,0
mp-561682_v_Mo,0,0,0
mp-561682_v_S,0,0,0
mp-561786_p,0,0,0
mp-561786_v_Cs,0,0,0
mp-561786_v_O,0,0,0
mp-561786_v_Te,0,0,0
mp-562537_p,0,0,0
mp-562537_v_Ni,0,0,0
mp-562537_v_S,0,0,0
mp-562537_v_Ta,0,0,0
mp-567313_p,0,0,0
mp-567313_v_Te,0,0,0
mp-567318_p,0,0,0
mp-567318_v_Sb,0,0,0
mp-567318_v_Se,0,0,0
mp-567318_v_Tl,0,0,0
mp-567636_p,0,0,0
mp-567636_v_Fe,0,0,0
mp-567636_v_Sb,0,0,0
mp-567636_v_V,0,0,0
mp-567666_p,0,0,0
mp-567666_v_Ba,0,0,0
mp-567666_v_Bi,0,0,0
mp-567666_v_N,0,0,0
mp-567776_p,0,0,0
mp-567776_v_Ag,0,0,0
mp-567776_v_Au,0,0,0
mp-567776_v_Cl,0,0,0
mp-567776_v_Cs,0,0,0
mp-567931_p,0,0,0
mp-567931_v_In,0,0,0
mp-567931_v_Si,0,0,0
mp-567931_v_Te,0,0,0
mp-568136_p,0,0,0
mp-568136_v_Br,0,0,0
mp-568136_v_Rb,0,0,0
mp-568136_v_V,0,0,0
mp-568189_p,0,0,0
mp-568189_v_Cu,0,0,0
mp-568189_v_Gd,0,0,0
mp-568189_v_Ge,0,0,0
mp-568189_v_Se,0,0,0
mp-568443_p,0,0,0
mp-568443_v_Al,0,0,0
mp-568443_v_Cl,0,0,0
mp-568443_v_V,0,0,0
mp-568620_p,0,0,0
mp-568620_v_Cs,0,0,0
mp-568620_v_Fe,0,0,0
mp-568620_v_I,0,0,0
mp-568666_p,0,0,0
mp-568666_v_Au,0,0,0
mp-568666_v_I,0,0,0
mp-568666_v_Rb,0,0,0
mp-568778_p,0,0,0
mp-568778_v_Br,0,0,0
mp-568778_v_Cu,0,0,0
mp-568778_v_Te,0,0,0
mp-569267_p,0,0,0
mp-569267_v_Ca,0,0,0
mp-569267_v_Cd,0,0,0
mp-569267_v_Sb,0,0,0
mp-5692_p,0,0,0
mp-5692_v_O,0,0,0
mp-5692_v_Rh,0,0,0
mp-5692_v_Tb,0,0,0
mp-569393_p,0,0,0
mp-569393_v_Gd,0,0,0
mp-569393_v_Se,0,0,0
mp-569393_v_Tl,0,0,0
mp-569501_p,0,0,0
mp-569501_v_Bi,0,0,0
mp-569501_v_Ca,0,0,0
mp-569501_v_Li,0,0,0
mp-569522_p,0,0,0
mp-569522_v_Mn,0,0,0
mp-569522_v_P,0,0,0
mp-569548_p,0,0,0
mp-569548_v_Au,0,0,0
mp-569548_v_Br,0,0,0
mp-569548_v_Cs,0,0,0
mp-569578_p,0,0,0
mp-569578_v_I,0,0,0
mp-569578_v_Nb,0,0,0
mp-569766_p,0,0,0
mp-569766_v_I,0,0,0
mp-569766_v_Te,0,0,0
mp-570270_p,0,0,0
mp-570270_v_Cl,0,0,0
mp-570270_v_Nb,0,0,0
mp-570270_v_Se,0,0,0
mp-570340_p,0,0,0
mp-570340_v_Ag,0,0,0
mp-570340_v_Au,0,0,0
mp-570340_v_Cl,0,0,0
mp-570485_p,0,0,0
mp-570485_v_Al,0,0,0
mp-570485_v_H,0,0,0
mp-570485_v_Si,0,0,0
mp-570485_v_Sr,0,0,0
mp-570536_p,0,0,0
mp-570536_v_Ag,0,0,0
mp-570536_v_Au,0,0,0
mp-570536_v_I,0,0,0
mp-570536_v_Rb,0,0,0
mp-570553_p,0,0,0
mp-570553_v_Fe,0,0,0
mp-570553_v_P,0,0,0
mp-570700_p,0,0,0
mp-570700_v_Cu,0,0,0
mp-570700_v_Hf,0,0,0
mp-570700_v_Se,0,0,0
mp-570700_v_Tl,0,0,0
mp-570803_p,0,0,0
mp-570803_v_Ba,0,0,0
mp-570803_v_Ge,0,0,0
mp-570803_v_Se,0,0,0
mp-570803_v_Te,0,0,0
mp-570844_p,0,0,0
mp-570844_v_Ga,0,0,0
mp-570844_v_Os,0,0,0
mp-570887_p,0,0,0
mp-570887_v_Ag,0,0,0
mp-570887_v_K,0,0,0
mp-570887_v_Se,0,0,0
mp-570887_v_Sn,0,0,0
mp-570959_p,0,0,0
mp-570959_v_Cd,0,0,0
mp-570959_v_Dy,0,0,0
mp-570959_v_Se,0,0,0
mp-571093_p,0,0,0
mp-571093_v_Al,0,0,0
mp-571093_v_Ba,0,0,0
mp-571093_v_H,0,0,0
mp-571093_v_Si,0,0,0
mp-571461_p,0,0,0
mp-571461_v_As,0,0,0
mp-571461_v_K,0,0,0
mp-571461_v_Zn,0,0,0
mp-571544_p,0,0,0
mp-571544_v_K,0,0,0
mp-571544_v_P,0,0,0
mp-571544_v_Se,0,0,0
mp-571544_v_Ti,0,0,0
mp-572807_p,0,0,0
mp-572807_v_Cl,0,0,0
mp-572807_v_Cu,0,0,0
mp-572807_v_Nd,0,0,0
mp-572807_v_O,0,0,0
mp-572807_v_Se,0,0,0
mp-573321_p,0,0,0
mp-573321_v_I,0,0,0
mp-573321_v_Pd,0,0,0
mp-573321_v_Te,0,0,0
mp-573514_p,0,0,0
mp-573514_v_Cs,0,0,0
mp-573514_v_Sb,0,0,0
mp-573568_p,0,0,0
mp-573568_v_I,0,0,0
mp-573568_v_K,0,0,0
mp-573568_v_Tc,0,0,0
mp-573815_p,0,0,0
mp-573815_v_I,0,0,0
mp-573815_v_Re,0,0,0
mp-574138_p,0,0,0
mp-574138_v_As,0,0,0
mp-574138_v_Cs,0,0,0
mp-574138_v_Te,0,0,0
mp-574448_p,0,0,0
mp-574448_v_Cu,0,0,0
mp-574448_v_Gd,0,0,0
mp-574448_v_Rb,0,0,0
mp-574448_v_Se,0,0,0
mp-574651_p,0,0,0
mp-574651_v_Cs,0,0,0
mp-574651_v_Mn,0,0,0
mp-574651_v_Se,0,0,0
mp-574651_v_Sm,0,0,0
mp-581024_p,0,0,0
mp-581024_v_Cs,0,0,0
mp-581024_v_K,0,0,0
mp-581024_v_Sb,0,0,0
mp-582648_p,0,0,0
mp-582648_v_Br,0,0,0
mp-582648_v_Rb,0,0,0
mp-582648_v_Re,0,0,0
mp-583034_p,0,0,0
mp-583034_v_Ba,0,0,0
mp-583034_v_O,0,0,0
mp-583034_v_U,0,0,0
mp-583615_p,0,0,0
mp-583615_v_As,0,0,0
mp-583615_v_In,0,0,0
mp-583615_v_K,0,0,0
mp-5874_p,0,0,0
mp-5874_v_Ag,0,0,0
mp-5874_v_Te,0,0,0
mp-5874_v_Tl,0,0,0
mp-5970_p,0,0,0
mp-5970_v_Ba,0,0,0
mp-5970_v_Cu,0,0,0
mp-5970_v_S,0,0,0
mp-5999_p,0,0,0
mp-5999_v_O,0,0,0
mp-5999_v_S,0,0,0
mp-5999_v_Sm,0,0,0
mp-5999_v_Ti,0,0,0
mp-6090_p,0,0,0
mp-6090_v_C,0,0,0
mp-6090_v_Cu,0,0,0
mp-6090_v_Na,0,0,0
mp-6090_v_O,0,0,0
mp-6112_p,0,0,0
mp-6112_v_Ga,0,0,0
mp-6112_v_K,0,0,0
mp-6112_v_Na,0,0,0
mp-6112_v_Sb,0,0,0
mp-612740_p,0,0,0
mp-612740_v_In,0,0,0
mp-612740_v_Se,0,0,0
mp-614572_p,0,0,0
mp-614572_v_Ca,0,0,0
mp-614572_v_In,0,0,0
mp-614572_v_P,0,0,0
mp-620346_p,0,0,0
mp-620346_v_As,0,0,0
mp-620346_v_Ba,0,0,0
mp-620346_v_In,0,0,0
mp-620372_p,0,0,0
mp-620372_v_Rb,0,0,0
mp-620372_v_Se,0,0,0
mp-620652_p,0,0,0
mp-620652_v_Al,0,0,0
mp-620652_v_Na,0,0,0
mp-620652_v_P,0,0,0
mp-620652_v_Sr,0,0,0
mp-6233_p,0,0,0
mp-6233_v_Na,0,0,0
mp-6233_v_O,0,0,0
mp-6233_v_Ru,0,0,0
mp-6233_v_Sr,0,0,0
mp-628643_p,0,0,0
mp-628643_v_As,0,0,0
mp-628643_v_Cu,0,0,0
mp-628643_v_Pb,0,0,0
mp-628643_v_S,0,0,0
mp-629690_p,0,0,0
mp-629690_v_Bi,0,0,0
mp-629690_v_Pb,0,0,0
mp-629690_v_S,0,0,0
mp-630851_p,0,0,0
mp-630851_v_Cs,0,0,0
mp-630851_v_Na,0,0,0
mp-630851_v_Pb,0,0,0
mp-636368_p,0,0,0
mp-636368_v_Fe,0,0,0
mp-636368_v_Ga,0,0,0
mp-638558_p,0,0,0
mp-638558_v_Eu,0,0,0
mp-638558_v_Na,0,0,0
mp-638558_v_Sn,0,0,0
mp-638749_p,0,0,0
mp-638749_v_Br,0,0,0
mp-638749_v_Pd,0,0,0
mp-638749_v_Te,0,0,0
mp-6389_p,0,0,0
mp-6389_v_La,0,0,0
mp-6389_v_Na,0,0,0
mp-6389_v_O,0,0,0
mp-6389_v_Ru,0,0,0
mp-641576_p,0,0,0
mp-641576_v_Cu,0,0,0
mp-641576_v_Gd,0,0,0
mp-641576_v_Se,0,0,0
mp-641576_v_Si,0,0,0
mp-6449_p,0,0,0
mp-6449_v_Cd,0,0,0
mp-6449_v_Cu,0,0,0
mp-6449_v_S,0,0,0
mp-6449_v_Si,0,0,0
mp-646007_p,0,0,0
mp-646007_v_Cs,0,0,0
mp-646007_v_N,0,0,0
mp-646007_v_Tb,0,0,0
mp-646007_v_Te,0,0,0
mp-6467_p,0,0,0
mp-6467_v_Cu,0,0,0
mp-6467_v_Na,0,0,0
mp-6467_v_O,0,0,0
mp-6467_v_P,0,0,0
mp-650442_p,0,0,0
mp-650442_v_Ag,0,0,0
mp-650442_v_Te,0,0,0
mp-650442_v_Tl,0,0,0
mp-662530_p,0,0,0
mp-662530_v_K,0,0,0
mp-662530_v_Ni,0,0,0
mp-662530_v_P,0,0,0
mp-662530_v_S,0,0,0
mp-662549_p,0,0,0
mp-662549_v_Cs,0,0,0
mp-662549_v_Ge,0,0,0
mp-662549_v_Te,0,0,0
mp-665_p,0,0,0
mp-665_v_Se,0,0,0
mp-665_v_Sn,0,0,0
mp-669318_p,0,0,0
mp-669318_v_Cl,0,0,0
mp-669318_v_Eu,0,0,0
mp-669318_v_O,0,0,0
mp-669318_v_Si,0,0,0
mp-669560_p,0,0,0
mp-669560_v_Eu,0,0,0
mp-669560_v_K,0,0,0
mp-669560_v_P,0,0,0
mp-669560_v_S,0,0,0
mp-669578_p,0,0,0
mp-669578_v_Cu,0,0,0
mp-669578_v_Gd,0,0,0
mp-669578_v_Rb,0,0,0
mp-669578_v_S,0,0,0
mp-672204_p,0,0,0
mp-672204_v_Ga,0,0,0
mp-672204_v_Ru,0,0,0
mp-673833_p,0,0,0
mp-673833_v_As,0,0,0
mp-673833_v_Li,0,0,0
mp-673833_v_V,0,0,0
mp-675101_p,0,0,0
mp-675101_v_Ca,0,0,0
mp-675101_v_N,0,0,0
mp-675101_v_Nb,0,0,0
mp-675989_p,0,0,0
mp-675989_v_Bi,0,0,0
mp-675989_v_Se,0,0,0
mp-675989_v_Tl,0,0,0
mp-676250_p,0,0,0
mp-676250_v_Bi,0,0,0
mp-676250_v_Pb,0,0,0
mp-676250_v_Te,0,0,0
mp-676274_p,0,0,0
mp-676274_v_Sb,0,0,0
mp-676274_v_Se,0,0,0
mp-676274_v_Tl,0,0,0
mp-676464_p,0,0,0
mp-676464_v_As,0,0,0
mp-676464_v_Cd,0,0,0
mp-676464_v_I,0,0,0
mp-690544_p,0,0,0
mp-690544_v_Fe,0,0,0
mp-690544_v_Ga,0,0,0
mp-690544_v_O,0,0,0
mp-6968_p,0,0,0
mp-6968_v_Cs,0,0,0
mp-6968_v_Cu,0,0,0
mp-6968_v_F,0,0,0
mp-6968_v_K,0,0,0
mp-697047_p,0,0,0
mp-697047_v_H,0,0,0
mp-697047_v_Li,0,0,0
mp-697047_v_Rh,0,0,0
mp-6980_p,0,0,0
mp-6980_v_Cu,0,0,0
mp-6980_v_S,0,0,0
mp-6980_v_Sc,0,0,0
mp-6987_p,0,0,0
mp-6987_v_Ga,0,0,0
mp-6987_v_Sr,0,0,0
mp-6987_v_Te,0,0,0
mp-700_p,0,0,0
mp-700_v_Ge,0,0,0
mp-700_v_Se,0,0,0
mp-7049_p,0,0,0
mp-7049_v_Cu,0,0,0
mp-7049_v_S,0,0,0
mp-7049_v_Tl,0,0,0
mp-7049_v_Zr,0,0,0
mp-7060_p,0,0,0
mp-7060_v_La,0,0,0
mp-7060_v_O,0,0,0
mp-7060_v_P,0,0,0
mp-7060_v_Zn,0,0,0
mp-7061_p,0,0,0
mp-7061_v_As,0,0,0
mp-7061_v_Nd,0,0,0
mp-7061_v_O,0,0,0
mp-7061_v_Zn,0,0,0
mp-7113_p,0,0,0
mp-7113_v_Au,0,0,0
mp-7113_v_Cr,0,0,0
mp-7113_v_S,0,0,0
mp-7173_p,0,0,0
mp-7173_v_Pt,0,0,0
mp-7173_v_Sb,0,0,0
mp-7173_v_Sc,0,0,0
mp-7191_p,0,0,0
mp-7191_v_Ga,0,0,0
mp-7191_v_N,0,0,0
mp-7191_v_Sr,0,0,0
mp-7289_p,0,0,0
mp-7289_v_K,0,0,0
mp-7289_v_Te,0,0,0
mp-7368_p,0,0,0
mp-7368_v_Dy,0,0,0
mp-7368_v_Se,0,0,0
mp-736_p,0,0,0
mp-736_v_Li,0,0,0
mp-736_v_P,0,0,0
mp-7392_p,0,0,0
mp-7392_v_Ag,0,0,0
mp-7392_v_Na,0,0,0
mp-7392_v_Sb,0,0,0
mp-7394_p,0,0,0
mp-7394_v_Ag,0,0,0
mp-7394_v_Ba,0,0,0
mp-7394_v_Ge,0,0,0
mp-7394_v_S,0,0,0
mp-7436_p,0,0,0
mp-7436_v_Cu,0,0,0
mp-7436_v_K,0,0,0
mp-7436_v_Te,0,0,0
mp-7437_p,0,0,0
mp-7437_v_K,0,0,0
mp-7437_v_P,0,0,0
mp-7437_v_Zn,0,0,0
mp-7440_p,0,0,0
mp-7440_v_Na,0,0,0
mp-7440_v_P,0,0,0
mp-7444_p,0,0,0
mp-7444_v_Rb,0,0,0
mp-7444_v_Sb,0,0,0
mp-7447_p,0,0,0
mp-7447_v_Rb,0,0,0
mp-7447_v_Se,0,0,0
mp-7449_p,0,0,0
mp-7449_v_Cs,0,0,0
mp-7449_v_Se,0,0,0
mp-7467_p,0,0,0
mp-7467_v_Cu,0,0,0
mp-7467_v_O,0,0,0
mp-7467_v_Rb,0,0,0
mp-7489_p,0,0,0
mp-7489_v_Cs,0,0,0
mp-7489_v_F,0,0,0
mp-7489_v_U,0,0,0
mp-753192_p,0,0,0
mp-753192_v_O,0,0,0
mp-753192_v_Sb,0,0,0
mp-753192_v_Yb,0,0,0
mp-753257_p,0,0,0
mp-753257_v_Cu,0,0,0
mp-753257_v_F,0,0,0
mp-753257_v_Li,0,0,0
mp-753287_p,0,0,0
mp-753287_v_Ca,0,0,0
mp-753287_v_Cd,0,0,0
mp-753287_v_O,0,0,0
mp-753301_p,0,0,0
mp-753301_v_Na,0,0,0
mp-753301_v_Ni,0,0,0
mp-753301_v_O,0,0,0
mp-753781_p,0,0,0
mp-753781_v_Eu,0,0,0
mp-753781_v_Hf,0,0,0
mp-753781_v_O,0,0,0
mp-753940_p,0,0,0
mp-753940_v_K,0,0,0
mp-753940_v_Li,0,0,0
mp-753940_v_Mn,0,0,0
mp-753940_v_S,0,0,0
mp-754019_p,0,0,0
mp-754019_v_Na,0,0,0
mp-754019_v_Np,0,0,0
mp-754019_v_O,0,0,0
mp-754065_p,0,0,0
mp-754065_v_Hg,0,0,0
mp-754065_v_O,0,0,0
mp-754065_v_Sb,0,0,0
mp-754207_p,0,0,0
mp-754207_v_Mn,0,0,0
mp-754207_v_O,0,0,0
mp-754207_v_Tb,0,0,0
mp-754326_p,0,0,0
mp-754326_v_Ag,0,0,0
mp-754326_v_Na,0,0,0
mp-754326_v_O,0,0,0
mp-754329_p,0,0,0
mp-754329_v_Cd,0,0,0
mp-754329_v_O,0,0,0
mp-754329_v_Sn,0,0,0
mp-754829_p,0,0,0
mp-754829_v_Na,0,0,0
mp-754829_v_O,0,0,0
mp-754829_v_V,0,0,0
mp-7548_p,0,0,0
mp-7548_v_Ba,0,0,0
mp-7548_v_Se,0,0,0
mp-754918_p,0,0,0
mp-754918_v_Ho,0,0,0
mp-754918_v_Mn,0,0,0
mp-754918_v_O,0,0,0
mp-755026_p,0,0,0
mp-755026_v_La,0,0,0
mp-755026_v_O,0,0,0
mp-755026_v_Pt,0,0,0
mp-755363_p,0,0,0
mp-755363_v_Ba,0,0,0
mp-755363_v_O,0,0,0
mp-755363_v_Si,0,0,0
mp-755478_p,0,0,0
mp-755478_v_Bi,0,0,0
mp-755478_v_Cd,0,0,0
mp-755478_v_O,0,0,0
mp-755492_p,0,0,0
mp-755492_v_Cu,0,0,0
mp-755492_v_Na,0,0,0
mp-755492_v_O,0,0,0
mp-755492_v_P,0,0,0
mp-755893_p,0,0,0
mp-755893_v_Bi,0,0,0
mp-755893_v_Ca,0,0,0
mp-755893_v_O,0,0,0
mp-756215_p,0,0,0
mp-756215_v_Mn,0,0,0
mp-756215_v_O,0,0,0
mp-756215_v_Sm,0,0,0
mp-756241_p,0,0,0
mp-756241_v_Bi,0,0,0
mp-756241_v_O,0,0,0
mp-756241_v_Pr,0,0,0
mp-756400_p,0,0,0
mp-756400_v_Bi,0,0,0
mp-756400_v_Nd,0,0,0
mp-756400_v_O,0,0,0
mp-7575_p,0,0,0
mp-7575_v_Li,0,0,0
mp-7575_v_N,0,0,0
mp-7575_v_Zn,0,0,0
mp-757_p,0,0,0
mp-757_v_As,0,0,0
mp-757_v_Li,0,0,0
mp-760044_p,0,0,0
mp-760044_v_C,0,0,0
mp-760044_v_Li,0,0,0
mp-760044_v_Mn,0,0,0
mp-760044_v_Na,0,0,0
mp-760044_v_O,0,0,0
mp-760044_v_P,0,0,0
mp-760400_p,0,0,0
mp-760400_v_Bi,0,0,0
mp-760400_v_Na,0,0,0
mp-760400_v_O,0,0,0
mp-760417_p,0,0,0
mp-760417_v_I,0,0,0
mp-760417_v_O,0,0,0
mp-760417_v_Rb,0,0,0
mp-760678_p,0,0,0
mp-760678_v_Au,0,0,0
mp-760678_v_F,0,0,0
mp-760678_v_H,0,0,0
mp-760678_v_Sb,0,0,0
mp-761124_p,0,0,0
mp-761124_v_C,0,0,0
mp-761124_v_K,0,0,0
mp-761124_v_Li,0,0,0
mp-761124_v_Mn,0,0,0
mp-761124_v_O,0,0,0
mp-761124_v_P,0,0,0
mp-7623_p,0,0,0
mp-7623_v_As,0,0,0
mp-7623_v_Mg,0,0,0
mp-7639_p,0,0,0
mp-7639_v_Cu,0,0,0
mp-7639_v_Na,0,0,0
mp-7639_v_P,0,0,0
mp-764233_p,0,0,0
mp-764233_v_Co,0,0,0
mp-764233_v_Na,0,0,0
mp-764233_v_O,0,0,0
mp-766217_p,0,0,0
mp-766217_v_Cu,0,0,0
mp-766217_v_O,0,0,0
mp-766217_v_Sr,0,0,0
mp-766_p,0,0,0
mp-766_v_As,0,0,0
mp-766_v_Ru,0,0,0
mp-7670_p,0,0,0
mp-7670_v_K,0,0,0
mp-7670_v_Se,0,0,0
mp-768383_p,0,0,0
mp-768383_v_Bi,0,0,0
mp-768383_v_O,0,0,0
mp-768383_v_Sm,0,0,0
mp-769211_p,0,0,0
mp-769211_v_O,0,0,0
mp-769211_v_Pb,0,0,0
mp-769211_v_Tb,0,0,0
mp-769222_p,0,0,0
mp-769222_v_Dy,0,0,0
mp-769222_v_O,0,0,0
mp-769222_v_Pb,0,0,0
mp-770722_p,0,0,0
mp-770722_v_B,0,0,0
mp-770722_v_Mg,0,0,0
mp-770722_v_Mn,0,0,0
mp-770722_v_O,0,0,0
mp-772042_p,0,0,0
mp-772042_v_Li,0,0,0
mp-772042_v_O,0,0,0
mp-772042_v_Ti,0,0,0
mp-772042_v_V,0,0,0
mp-772664_p,0,0,0
mp-772664_v_As,0,0,0
mp-772664_v_C,0,0,0
mp-772664_v_Co,0,0,0
mp-772664_v_Na,0,0,0
mp-772664_v_O,0,0,0
mp-773119_p,0,0,0
mp-773119_v_As,0,0,0
mp-773119_v_C,0,0,0
mp-773119_v_Mn,0,0,0
mp-773119_v_Na,0,0,0
mp-773119_v_O,0,0,0
mp-773137_p,0,0,0
mp-773137_v_Bi,0,0,0
mp-773137_v_Ca,0,0,0
mp-773137_v_K,0,0,0
mp-773432_p,0,0,0
mp-773432_v_C,0,0,0
mp-773432_v_K,0,0,0
mp-773432_v_Mn,0,0,0
mp-773432_v_O,0,0,0
mp-773432_v_P,0,0,0
mp-7756_p,0,0,0
mp-7756_v_Li,0,0,0
mp-7756_v_Sb,0,0,0
mp-7756_v_Sr,0,0,0
mp-7773_p,0,0,0
mp-7773_v_As,0,0,0
mp-7773_v_Au,0,0,0
mp-7773_v_Na,0,0,0
mp-777460_p,0,0,0
mp-777460_v_Mn,0,0,0
mp-777460_v_O,0,0,0
mp-777460_v_P,0,0,0
mp-7774_p,0,0,0
mp-7774_v_Au,0,0,0
mp-7774_v_Na,0,0,0
mp-7774_v_Sb,0,0,0
mp-7808_p,0,0,0
mp-7808_v_Ba,0,0,0
mp-7808_v_P,0,0,0
mp-7899_p,0,0,0
mp-7899_v_Ba,0,0,0
mp-7899_v_Cd,0,0,0
mp-7899_v_O,0,0,0
mp-7931_p,0,0,0
mp-7931_v_P,0,0,0
mp-7931_v_Sr,0,0,0
mp-7936_p,0,0,0
mp-7936_v_Li,0,0,0
mp-7936_v_Nb,0,0,0
mp-7936_v_S,0,0,0
mp-7937_p,0,0,0
mp-7937_v_Na,0,0,0
mp-7937_v_Nb,0,0,0
mp-7937_v_S,0,0,0
mp-7939_p,0,0,0
mp-7939_v_Na,0,0,0
mp-7939_v_Nb,0,0,0
mp-7939_v_Se,0,0,0
mp-7944_p,0,0,0
mp-7944_v_Na,0,0,0
mp-7944_v_Sb,0,0,0
mp-7950_p,0,0,0
mp-7950_v_O,0,0,0
mp-7950_v_Se,0,0,0
mp-7950_v_Th,0,0,0
mp-7951_p,0,0,0
mp-7951_v_Se,0,0,0
mp-7951_v_Th,0,0,0
mp-7988_p,0,0,0
mp-7988_v_Cs,0,0,0
mp-7988_v_O,0,0,0
mp-8016_p,0,0,0
mp-8016_v_Al,0,0,0
mp-8016_v_Cu,0,0,0
mp-8016_v_Se,0,0,0
mp-8116_p,0,0,0
mp-8116_v_K,0,0,0
mp-8116_v_Mo,0,0,0
mp-8116_v_S,0,0,0
mp-8117_p,0,0,0
mp-8117_v_Mo,0,0,0
mp-8117_v_Rb,0,0,0
mp-8117_v_S,0,0,0
mp-8147_p,0,0,0
mp-8147_v_As,0,0,0
mp-8147_v_K,0,0,0
mp-8147_v_Pd,0,0,0
mp-8152_p,0,0,0
mp-8152_v_As,0,0,0
mp-8152_v_Ce,0,0,0
mp-8152_v_Li,0,0,0
mp-8175_p,0,0,0
mp-8175_v_K,0,0,0
mp-8175_v_O,0,0,0
mp-8175_v_Tl,0,0,0
mp-8176_p,0,0,0
mp-8176_v_O,0,0,0
mp-8176_v_Rb,0,0,0
mp-8176_v_Tl,0,0,0
mp-8194_p,0,0,0
mp-8194_v_Ba,0,0,0
mp-8194_v_Ge,0,0,0
mp-8194_v_P,0,0,0
mp-8195_p,0,0,0
mp-8195_v_As,0,0,0
mp-8195_v_Ba,0,0,0
mp-8195_v_Ge,0,0,0
mp-8234_p,0,0,0
mp-8234_v_Ba,0,0,0
mp-8234_v_Te,0,0,0
mp-8276_p,0,0,0
mp-8276_v_P,0,0,0
mp-8276_v_Sr,0,0,0
mp-8276_v_Zn,0,0,0
mp-8277_p,0,0,0
mp-8277_v_Cd,0,0,0
mp-8277_v_P,0,0,0
mp-8277_v_Sr,0,0,0
mp-8279_p,0,0,0
mp-8279_v_Ba,0,0,0
mp-8279_v_Cd,0,0,0
mp-8279_v_P,0,0,0
mp-8300_p,0,0,0
mp-8300_v_As,0,0,0
mp-8300_v_Ba,0,0,0
mp-8300_v_O,0,0,0
mp-8301_p,0,0,0
mp-8301_v_C,0,0,0
mp-8301_v_F,0,0,0
mp-8301_v_Gd,0,0,0
mp-8407_p,0,0,0
mp-8407_v_La,0,0,0
mp-8407_v_Li,0,0,0
mp-8407_v_P,0,0,0
mp-8411_p,0,0,0
mp-8411_v_Ag,0,0,0
mp-8411_v_As,0,0,0
mp-8411_v_Na,0,0,0
mp-8585_p,0,0,0
mp-8585_v_Au,0,0,0
mp-8585_v_F,0,0,0
mp-8585_v_Pd,0,0,0
mp-861503_p,0,0,0
mp-861503_v_Au,0,0,0
mp-861503_v_Pr,0,0,0
mp-861503_v_Sb,0,0,0
mp-861605_p,0,0,0
mp-861605_v_Ac,0,0,0
mp-861605_v_H,0,0,0
mp-861871_p,0,0,0
mp-861871_v_I,0,0,0
mp-861871_v_Se,0,0,0
mp-861884_p,0,0,0
mp-861884_v_Ac,0,0,0
mp-861884_v_Ga,0,0,0
mp-861884_v_Te,0,0,0
mp-861914_p,0,0,0
mp-861914_v_Ba,0,0,0
mp-861914_v_C,0,0,0
mp-861914_v_Co,0,0,0
mp-861914_v_N,0,0,0
mp-861926_p,0,0,0
mp-861926_v_Cu,0,0,0
mp-861926_v_Gd,0,0,0
mp-861926_v_K,0,0,0
mp-861926_v_Se,0,0,0
mp-861937_p,0,0,0
mp-861937_v_As,0,0,0
mp-861937_v_Au,0,0,0
mp-861937_v_Ba,0,0,0
mp-8623_p,0,0,0
mp-8623_v_K,0,0,0
mp-8623_v_Pt,0,0,0
mp-8623_v_Te,0,0,0
mp-862631_p,0,0,0
mp-862631_v_Au,0,0,0
mp-862631_v_Ba,0,0,0
mp-862631_v_Sb,0,0,0
mp-862772_p,0,0,0
mp-862772_v_Cs,0,0,0
mp-862772_v_Cu,0,0,0
mp-862772_v_Nd,0,0,0
mp-862772_v_Se,0,0,0
mp-863707_p,0,0,0
mp-863707_v_Bi,0,0,0
mp-863707_v_K,0,0,0
mp-863707_v_Na,0,0,0
mp-864755_p,0,0,0
mp-864755_v_Ac,0,0,0
mp-864755_v_Li,0,0,0
mp-864755_v_Te,0,0,0
mp-865018_p,0,0,0
mp-865018_v_Bi,0,0,0
mp-865018_v_Cu,0,0,0
mp-865018_v_Pt,0,0,0
mp-865018_v_S,0,0,0
mp-865028_p,0,0,0
mp-865028_v_Ac,0,0,0
mp-865028_v_Te,0,0,0
mp-865028_v_Tl,0,0,0
mp-865081_p,0,0,0
mp-865081_v_Ac,0,0,0
mp-865081_v_Na,0,0,0
mp-865081_v_Te,0,0,0
mp-865145_p,0,0,0
mp-865145_v_Bi,0,0,0
mp-865145_v_Na,0,0,0
mp-865145_v_Tl,0,0,0
mp-865185_p,0,0,0
mp-865185_v_As,0,0,0
mp-865185_v_Be,0,0,0
mp-865185_v_Mg,0,0,0
mp-865213_p,0,0,0
mp-865213_v_Ba,0,0,0
mp-865213_v_Bi,0,0,0
mp-865213_v_H,0,0,0
mp-865213_v_O,0,0,0
mp-866311_p,0,0,0
mp-866311_v_Bi,0,0,0
mp-866311_v_Br,0,0,0
mp-866311_v_O,0,0,0
mp-867112_p,0,0,0
mp-867112_v_Ac,0,0,0
mp-867112_v_In,0,0,0
mp-867112_v_Te,0,0,0
mp-867168_p,0,0,0
mp-867168_v_Au,0,0,0
mp-867168_v_Sb,0,0,0
mp-867168_v_Sr,0,0,0
mp-867323_p,0,0,0
mp-867323_v_Al,0,0,0
mp-867323_v_Mn,0,0,0
mp-867323_v_Pr,0,0,0
mp-867323_v_S,0,0,0
mp-867339_p,0,0,0
mp-867339_v_Bi,0,0,0
mp-867339_v_Cs,0,0,0
mp-867339_v_K,0,0,0
mp-867371_p,0,0,0
mp-867371_v_Cu,0,0,0
mp-867371_v_K,0,0,0
mp-867371_v_Se,0,0,0
mp-867371_v_Y,0,0,0
mp-867677_p,0,0,0
mp-867677_v_Ag,0,0,0
mp-867677_v_F,0,0,0
mp-867677_v_Li,0,0,0
mp-867823_p,0,0,0
mp-867823_v_Ge,0,0,0
mp-867823_v_Rb,0,0,0
mp-867823_v_S,0,0,0
mp-867823_v_Ta,0,0,0
mp-8752_p,0,0,0
mp-8752_v_Cd,0,0,0
mp-8752_v_Na,0,0,0
mp-8752_v_P,0,0,0
mp-8818_p,0,0,0
mp-8818_v_Ca,0,0,0
mp-8818_v_N,0,0,0
mp-8818_v_Zn,0,0,0
mp-8857_p,0,0,0
mp-8857_v_As,0,0,0
mp-8857_v_Cs,0,0,0
mp-8857_v_Pd,0,0,0
mp-8930_p,0,0,0
mp-8930_v_As,0,0,0
mp-8930_v_Ge,0,0,0
mp-8930_v_K,0,0,0
mp-8931_p,0,0,0
mp-8931_v_As,0,0,0
mp-8931_v_Rb,0,0,0
mp-8931_v_Sn,0,0,0
mp-8934_p,0,0,0
mp-8934_v_As,0,0,0
mp-8934_v_Cs,0,0,0
mp-8934_v_Sn,0,0,0
mp-9029_p,0,0,0
mp-9029_v_Ca,0,0,0
mp-9029_v_N,0,0,0
mp-9029_v_V,0,0,0
mp-9063_p,0,0,0
mp-9063_v_Rb,0,0,0
mp-9063_v_Se,0,0,0
mp-9064_p,0,0,0
mp-9064_v_Rb,0,0,0
mp-9064_v_Te,0,0,0
mp-9075_p,0,0,0
mp-9075_v_Cd,0,0,0
mp-9075_v_Cu,0,0,0
mp-9075_v_F,0,0,0
mp-9107_p,0,0,0
mp-9107_v_Cu,0,0,0
mp-9107_v_Na,0,0,0
mp-9107_v_S,0,0,0
mp-9107_v_Zr,0,0,0
mp-9124_p,0,0,0
mp-9124_v_As,0,0,0
mp-9124_v_Li,0,0,0
mp-9124_v_Zn,0,0,0
mp-9159_p,0,0,0
mp-9159_v_Li,0,0,0
mp-9159_v_Np,0,0,0
mp-9159_v_O,0,0,0
mp-9200_p,0,0,0
mp-9200_v_Au,0,0,0
mp-9200_v_K,0,0,0
mp-9200_v_O,0,0,0
mp-924129_p,0,0,0
mp-924129_v_Ni,0,0,0
mp-924129_v_Sn,0,0,0
mp-924129_v_Zr,0,0,0
mp-9268_p,0,0,0
mp-9268_v_K,0,0,0
mp-9268_v_Se,0,0,0
mp-927_p,0,0,0
mp-927_v_Cu,0,0,0
mp-927_v_P,0,0,0
mp-9306_p,0,0,0
mp-9306_v_N,0,0,0
mp-9306_v_Sr,0,0,0
mp-9306_v_Zn,0,0,0
mp-9307_p,0,0,0
mp-9307_v_Ba,0,0,0
mp-9307_v_N,0,0,0
mp-9307_v_Zn,0,0,0
mp-9317_p,0,0,0
mp-9317_v_Cu,0,0,0
mp-9317_v_K,0,0,0
mp-9317_v_S,0,0,0
mp-9317_v_Zr,0,0,0
mp-9321_p,0,0,0
mp-9321_v_Ba,0,0,0
mp-9321_v_Hf,0,0,0
mp-9321_v_S,0,0,0
mp-9323_p,0,0,0
mp-9323_v_S,0,0,0
mp-9323_v_Tb,0,0,0
mp-938_p,0,0,0
mp-938_v_Ge,0,0,0
mp-938_v_Te,0,0,0
mp-9396_p,0,0,0
mp-9396_v_Cu,0,0,0
mp-9396_v_Hf,0,0,0
mp-9396_v_S,0,0,0
mp-9396_v_Tl,0,0,0
mp-9437_p,0,0,0
mp-9437_v_Fe,0,0,0
mp-9437_v_Nb,0,0,0
mp-9437_v_Sb,0,0,0
mp-9503_p,0,0,0
mp-9503_v_Ba,0,0,0
mp-9503_v_Cu,0,0,0
mp-9503_v_Dy,0,0,0
mp-9503_v_Te,0,0,0
mp-9517_p,0,0,0
mp-9517_v_N,0,0,0
mp-9517_v_Sr,0,0,0
mp-9517_v_Ti,0,0,0
mp-9565_p,0,0,0
mp-9565_v_Ca,0,0,0
mp-9565_v_Mg,0,0,0
mp-9565_v_Sb,0,0,0
mp-9566_p,0,0,0
mp-9566_v_Mg,0,0,0
mp-9566_v_Sb,0,0,0
mp-9566_v_Sr,0,0,0
mp-9567_p,0,0,0
mp-9567_v_Ba,0,0,0
mp-9567_v_Mg,0,0,0
mp-9567_v_Sb,0,0,0
mp-9569_p,0,0,0
mp-9569_v_Ca,0,0,0
mp-9569_v_P,0,0,0
mp-9569_v_Zn,0,0,0
mp-9570_p,0,0,0
mp-9570_v_Ca,0,0,0
mp-9570_v_Cd,0,0,0
mp-9570_v_P,0,0,0
mp-9582_p,0,0,0
mp-9582_v_P,0,0,0
mp-9582_v_Yb,0,0,0
mp-9582_v_Zn,0,0,0
mp-9588_p,0,0,0
mp-9588_v_Li,0,0,0
mp-9588_v_P,0,0,0
mp-961693_p,0,0,0
mp-961693_v_Au,0,0,0
mp-961693_v_In,0,0,0
mp-961693_v_Zr,0,0,0
mp-9619_p,0,0,0
mp-9619_v_Fe,0,0,0
mp-9619_v_P,0,0,0
mp-9619_v_Th,0,0,0
mp-9640_p,0,0,0
mp-9640_v_Cu,0,0,0
mp-9640_v_O,0,0,0
mp-9640_v_Se,0,0,0
mp-9640_v_Sr,0,0,0
mp-9672_p,0,0,0
mp-9672_v_K,0,0,0
mp-9672_v_Ni,0,0,0
mp-9672_v_P,0,0,0
mp-9703_p,0,0,0
mp-9703_v_As,0,0,0
mp-9703_v_Ga,0,0,0
mp-9703_v_K,0,0,0
mp-9703_v_Li,0,0,0
mp-972120_p,0,0,0
mp-972120_v_As,0,0,0
mp-972120_v_Ga,0,0,0
mp-972120_v_Sr,0,0,0
mp-9721_p,0,0,0
mp-9721_v_Ca,0,0,0
mp-9721_v_Ge,0,0,0
mp-9721_v_O,0,0,0
mp-9722_p,0,0,0
mp-9722_v_As,0,0,0
mp-9722_v_Ga,0,0,0
mp-9722_v_Li,0,0,0
mp-9722_v_Na,0,0,0
mp-9732_p,0,0,0
mp-9732_v_Ba,0,0,0
mp-9732_v_Na,0,0,0
mp-9732_v_P,0,0,0
mp-9745_p,0,0,0
mp-9745_v_Ba,0,0,0
mp-9745_v_Na,0,0,0
mp-9745_v_O,0,0,0
mp-9745_v_Ru,0,0,0
mp-975144_p,0,0,0
mp-975144_v_As,0,0,0
mp-975144_v_Rb,0,0,0
mp-975144_v_Zn,0,0,0
mp-975605_p,0,0,0
mp-975605_v_Cl,0,0,0
mp-975605_v_Ir,0,0,0
mp-975605_v_Pr,0,0,0
mp-975924_p,0,0,0
mp-975924_v_Ge,0,0,0
mp-975924_v_Ir,0,0,0
mp-975924_v_Se,0,0,0
mp-977368_p,0,0,0
mp-977368_v_Cu,0,0,0
mp-977368_v_Dy,0,0,0
mp-977368_v_K,0,0,0
mp-977368_v_Se,0,0,0
mp-9774_p,0,0,0
mp-9774_v_Ba,0,0,0
mp-9774_v_O,0,0,0
mp-9774_v_Sb,0,0,0
mp-9775_p,0,0,0
mp-9775_v_As,0,0,0
mp-9775_v_Na,0,0,0
mp-9775_v_Sr,0,0,0
mp-978553_p,0,0,0
mp-978553_v_As,0,0,0
mp-978553_v_Si,0,0,0
mp-978852_p,0,0,0
mp-978852_v_Ga,0,0,0
mp-978852_v_H,0,0,0
mp-978852_v_Sn,0,0,0
mp-978852_v_Sr,0,0,0
mp-979979_p,0,0,0
mp-979979_v_Au,0,0,0
mp-979979_v_Sb,0,0,0
mp-979979_v_Sm,0,0,0
mp-9799_p,0,0,0
mp-9799_v_As,0,0,0
mp-9799_v_O,0,0,0
mp-9799_v_Yb,0,0,0
mp-980057_p,0,0,0
mp-980057_v_Al,0,0,0
mp-980057_v_Ge,0,0,0
mp-980057_v_H,0,0,0
mp-980057_v_Sr,0,0,0
mp-984350_p,0,0,0
mp-984350_v_Au,0,0,0
mp-984350_v_Dy,0,0,0
mp-984350_v_Sb,0,0,0
mp-9855_p,0,0,0
mp-9855_v_Cu,0,0,0
mp-9855_v_Hf,0,0,0
mp-9855_v_K,0,0,0
mp-9855_v_S,0,0,0
mp-985626_p,0,0,0
mp-985626_v_Mn,0,0,0
mp-985626_v_Na,0,0,0
mp-985626_v_O,0,0,0
mp-985626_v_Sb,0,0,0
mp-985701_p,0,0,0
mp-985701_v_Ag,0,0,0
mp-985701_v_As,0,0,0
mp-985701_v_H,0,0,0
mp-985701_v_O,0,0,0
mp-985831_p,0,0,0
mp-985831_v_Hf,0,0,0
mp-985831_v_Se,0,0,0
mp-989535_p,0,0,0
mp-989535_v_Al,0,0,0
mp-989535_v_Cs,0,0,0
mp-989535_v_H,0,0,0
mp-989535_v_In,0,0,0
mp-989616_p,0,0,0
mp-989616_v_Ca,0,0,0
mp-989616_v_N,0,0,0
mp-989616_v_W,0,0,0
mp-989635_p,0,0,0
mp-989635_v_Ca,0,0,0
mp-989635_v_Mo,0,0,0
mp-989635_v_N,0,0,0
mp-989638_p,0,0,0
mp-989638_v_Ca,0,0,0
mp-989638_v_N,0,0,0
mp-989638_v_Tc,0,0,0
mp-9912_p,0,0,0
mp-9912_v_Ce,0,0,0
mp-9912_v_Li,0,0,0
mp-9912_v_P,0,0,0
mp-991652_p,0,0,0
mp-991652_v_Cu,0,0,0
mp-991652_v_Te,0,0,0
mp-991652_v_V,0,0,0
mp-996945_p,0,0,0
mp-996945_v_Cs,0,0,0
mp-996945_v_H,0,0,0
mp-996945_v_In,0,0,0
mp-996945_v_Tl,0,0,0
mp-996962_p,0,0,0
mp-996962_v_Ag,0,0,0
mp-996962_v_Li,0,0,0
mp-996962_v_O,0,0,0
mp-996983_p,0,0,0
mp-996983_v_Ag,0,0,0
mp-996983_v_Au,0,0,0
mp-996983_v_O,0,0,0
mp-997086_p,0,0,0
mp-997086_v_Ag,0,0,0
mp-997086_v_O,0,0,0
mp-997086_v_Sr,0,0,0
mp-997161_p,0,0,0
mp-997161_v_Au,0,0,0
mp-997161_v_Co,0,0,0
mp-997161_v_O,0,0,0
mp-997183_p,0,0,0
mp-997183_v_Au,0,0,0
mp-997183_v_Mn,0,0,0
mp-997183_v_O,0,0,0
mp-999121_p,0,0,0
mp-999121_v_Tb,0,0,0
mp-999121_v_Te,0,0,0
mp-999121_v_Tl,0,0,0
mp-999132_p,0,0,0
mp-999132_v_Sm,0,0,0
mp-999132_v_Te,0,0,0
mp-999132_v_Tl,0,0,0
mp-999288_p,0,0,0
mp-999288_v_Pr,0,0,0
mp-999288_v_Te,0,0,0
mp-999288_v_Tl,0,0,0
mp-999319_p,0,0,0
mp-999319_v_Nd,0,0,0
mp-999319_v_Te,0,0,0
mp-999319_v_Tl,0,0,0
mvc-14149_p,0,0,0
mvc-14149_v_Co,0,0,0
mvc-14149_v_O,0,0,0
mvc-15843_p,0,0,0
mvc-15843_v_F,0,0,0
mvc-15843_v_Fe,0,0,0
mvc-15843_v_Zn,0,0,0
mvc-4357_p,0,0,0
mvc-4357_v_Ca,0,0,0
mvc-4357_v_O,0,0,0
mvc-4357_v_Ta,0,0,0
mvc-4357_v_V,0,0,0
